This is pdfTeX, Version 3.141592653-2.6-1.40.24 (MiKTeX 23.1) (preloaded format=pdflatex 2025.5.19)  28 SEP 2026 12:59
entering extended mode
 restricted \write18 enabled.
 file:line:error style messages enabled.
 %&-line parsing enabled.
**"c:/Users/valen/OneDrive/Dokumente/python/Uni/Grundpraktikum/V1_W-Lehre1/Leon/main (1).tex"
(c:/Users/valen/OneDrive/Dokumente/python/Uni/Grundpraktikum/V1_W-Lehre1/Leon/main (1).tex
LaTeX2e <2022-11-01> patch level 1
L3 programming layer <2023-02-22> (C:\Users\valen\AppData\Local\Programs\MiKTeX\tex/latex/base\article.cls
Document Class: article 2022/07/02 v1.4n Standard LaTeX document class
(C:\Users\valen\AppData\Local\Programs\MiKTeX\tex/latex/base\size10.clo
File: size10.clo 2022/07/02 v1.4n Standard LaTeX file (size option)
)
\c@part=\count185
\c@section=\count186
\c@subsection=\count187
\c@subsubsection=\count188
\c@paragraph=\count189
\c@subparagraph=\count190
\c@figure=\count191
\c@table=\count192
\abovecaptionskip=\skip48
\belowcaptionskip=\skip49
\bibindent=\dimen140
) (C:\Users\valen\AppData\Local\Programs\MiKTeX\tex/latex/graphics\graphicx.sty
Package: graphicx 2021/09/16 v1.2d Enhanced LaTeX Graphics (DPC,SPQR)
 (C:\Users\valen\AppData\Local\Programs\MiKTeX\tex/latex/graphics\keyval.sty
Package: keyval 2022/05/29 v1.15 key=value parser (DPC)
\KV@toks@=\toks16
) (C:\Users\valen\AppData\Local\Programs\MiKTeX\tex/latex/graphics\graphics.sty
Package: graphics 2022/03/10 v1.4e Standard LaTeX Graphics (DPC,SPQR)
 (C:\Users\valen\AppData\Local\Programs\MiKTeX\tex/latex/graphics\trig.sty
Package: trig 2021/08/11 v1.11 sin cos tan (DPC)
) (C:\Users\valen\AppData\Local\Programs\MiKTeX\tex/latex/graphics-cfg\graphics.cfg
File: graphics.cfg 2016/06/04 v1.11 sample graphics configuration
)
Package graphics Info: Driver file: pdftex.def on input line 107.
 (C:\Users\valen\AppData\Local\Programs\MiKTeX\tex/latex/graphics-def\pdftex.def
File: pdftex.def 2022/09/22 v1.2b Graphics/color driver for pdftex
))
\Gin@req@height=\dimen141
\Gin@req@width=\dimen142
) (C:\Users\valen\AppData\Local\Programs\MiKTeX\tex/latex/base\inputenc.sty
Package: inputenc 2021/02/14 v1.3d Input encoding file
\inpenc@prehook=\toks17
\inpenc@posthook=\toks18
) (C:\Users\valen\AppData\Local\Programs\MiKTeX\tex/latex/base\fontenc.sty
Package: fontenc 2021/04/29 v2.0v Standard LaTeX package
) (C:\Users\valen\AppData\Local\Programs\MiKTeX\tex/generic/babel\babel.sty
Package: babel 2023/02/13 3.86 The Babel package
\babel@savecnt=\count193
\U@D=\dimen143
\l@unhyphenated=\language79
 (C:\Users\valen\AppData\Local\Programs\MiKTeX\tex/generic/babel\txtbabel.def)
\bbl@readstream=\read2
\bbl@dirlevel=\count194

*************************************
* Local config file bblopts.cfg used
*
(C:\Users\valen\AppData\Local\Programs\MiKTeX\tex/latex/arabi\bblopts.cfg
File: bblopts.cfg 2005/09/08 v0.1 add Arabic and Farsi to "declared" options of babel
) (C:\Users\valen\AppData\Local\Programs\MiKTeX\tex/latex/babel-german\ngerman.ldf
Language: ngerman 
 (C:\Users\valen\AppData\Local\Programs\MiKTeX\tex/latex/babel-german\babel-german.def
Package babel Info: Making " an active character on input line 500.
))) (C:\Users\valen\AppData\Local\Programs\MiKTeX\tex/generic/babel/locale/de\babel-ngerman.tex
Package babel Info: Importing font and identification data for ngerman
(babel)             from babel-de.ini. Reported on input line 11.
) (C:\Users\valen\AppData\Local\Programs\MiKTeX\tex/latex/amsmath\amsmath.sty
Package: amsmath 2022/04/08 v2.17n AMS math features
\@mathmargin=\skip50

For additional information on amsmath, use the `?' option.
(C:\Users\valen\AppData\Local\Programs\MiKTeX\tex/latex/amsmath\amstext.sty
Package: amstext 2021/08/26 v2.01 AMS text
 (C:\Users\valen\AppData\Local\Programs\MiKTeX\tex/latex/amsmath\amsgen.sty
File: amsgen.sty 1999/11/30 v2.0 generic functions
\@emptytoks=\toks19
\ex@=\dimen144
)) (C:\Users\valen\AppData\Local\Programs\MiKTeX\tex/latex/amsmath\amsbsy.sty
Package: amsbsy 1999/11/29 v1.2d Bold Symbols
\pmbraise@=\dimen145
) (C:\Users\valen\AppData\Local\Programs\MiKTeX\tex/latex/amsmath\amsopn.sty
Package: amsopn 2022/04/08 v2.04 operator names
)
\inf@bad=\count195
LaTeX Info: Redefining \frac on input line 234.
\uproot@=\count196
\leftroot@=\count197
LaTeX Info: Redefining \overline on input line 399.
LaTeX Info: Redefining \colon on input line 410.
\classnum@=\count198
\DOTSCASE@=\count199
LaTeX Info: Redefining \ldots on input line 496.
LaTeX Info: Redefining \dots on input line 499.
LaTeX Info: Redefining \cdots on input line 620.
\Mathstrutbox@=\box51
\strutbox@=\box52
LaTeX Info: Redefining \big on input line 722.
LaTeX Info: Redefining \Big on input line 723.
LaTeX Info: Redefining \bigg on input line 724.
LaTeX Info: Redefining \Bigg on input line 725.
\big@size=\dimen146
LaTeX Font Info:    Redeclaring font encoding OML on input line 743.
LaTeX Font Info:    Redeclaring font encoding OMS on input line 744.
\macc@depth=\count266
LaTeX Info: Redefining \bmod on input line 905.
LaTeX Info: Redefining \pmod on input line 910.
LaTeX Info: Redefining \smash on input line 940.
LaTeX Info: Redefining \relbar on input line 970.
LaTeX Info: Redefining \Relbar on input line 971.
\c@MaxMatrixCols=\count267
\dotsspace@=\muskip16
\c@parentequation=\count268
\dspbrk@lvl=\count269
\tag@help=\toks20
\row@=\count270
\column@=\count271
\maxfields@=\count272
\andhelp@=\toks21
\eqnshift@=\dimen147
\alignsep@=\dimen148
\tagshift@=\dimen149
\tagwidth@=\dimen150
\totwidth@=\dimen151
\lineht@=\dimen152
\@envbody=\toks22
\multlinegap=\skip51
\multlinetaggap=\skip52
\mathdisplay@stack=\toks23
LaTeX Info: Redefining \[ on input line 2953.
LaTeX Info: Redefining \] on input line 2954.
) (C:\Users\valen\AppData\Local\Programs\MiKTeX\tex/latex/amsfonts\amssymb.sty
Package: amssymb 2013/01/14 v3.01 AMS font symbols
 (C:\Users\valen\AppData\Local\Programs\MiKTeX\tex/latex/amsfonts\amsfonts.sty
Package: amsfonts 2013/01/14 v3.01 Basic AMSFonts support
\symAMSa=\mathgroup4
\symAMSb=\mathgroup5
LaTeX Font Info:    Redeclaring math symbol \hbar on input line 98.
LaTeX Font Info:    Overwriting math alphabet `\mathfrak' in version `bold'
(Font)                  U/euf/m/n --> U/euf/b/n on input line 106.
)) (C:\Users\valen\AppData\Local\Programs\MiKTeX\tex/latex/siunitx\siunitx.sty

C:\Users\valen\AppData\Local\Programs\MiKTeX\tex/latex/siunitx\siunitx.sty:49: Package siunitx Error: Support package expl3 too old.

See the siunitx package documentation for explanation.
Type  H <return>  for immediate help.
 ...                                              
                                                  
l.49   }
        %
You need to update your installation of 'l3kernel'.
Loading~siunitx~will~abort!

) (C:\Users\valen\AppData\Local\Programs\MiKTeX\tex/latex/geometry\geometry.sty
Package: geometry 2020/01/02 v5.9 Page Geometry
 (C:\Users\valen\AppData\Local\Programs\MiKTeX\tex/generic/iftex\ifvtex.sty
Package: ifvtex 2019/10/25 v1.7 ifvtex legacy package. Use iftex instead.
 (C:\Users\valen\AppData\Local\Programs\MiKTeX\tex/generic/iftex\iftex.sty
Package: iftex 2022/02/03 v1.0f TeX engine tests
))
\Gm@cnth=\count273
\Gm@cntv=\count274
\c@Gm@tempcnt=\count275
\Gm@bindingoffset=\dimen153
\Gm@wd@mp=\dimen154
\Gm@odd@mp=\dimen155
\Gm@even@mp=\dimen156
\Gm@layoutwidth=\dimen157
\Gm@layoutheight=\dimen158
\Gm@layouthoffset=\dimen159
\Gm@layoutvoffset=\dimen160
\Gm@dimlist=\toks24
 (C:\Users\valen\AppData\Local\Programs\MiKTeX\tex/latex/geometry\geometry.cfg)) (C:\Users\valen\AppData\Local\Programs\MiKTeX\tex/latex/booktabs\booktabs.sty
Package: booktabs 2020/01/12 v1.61803398 Publication quality tables
\heavyrulewidth=\dimen161
\lightrulewidth=\dimen162
\cmidrulewidth=\dimen163
\belowrulesep=\dimen164
\belowbottomsep=\dimen165
\aboverulesep=\dimen166
\abovetopsep=\dimen167
\cmidrulesep=\dimen168
\cmidrulekern=\dimen169
\defaultaddspace=\dimen170
\@cmidla=\count276
\@cmidlb=\count277
\@aboverulesep=\dimen171
\@belowrulesep=\dimen172
\@thisruleclass=\count278
\@lastruleclass=\count279
\@thisrulewidth=\dimen173
) (C:\Users\valen\AppData\Local\Programs\MiKTeX\tex/latex/caption\caption.sty
Package: caption 2023/08/05 v3.6o Customizing captions (AR)
 (C:\Users\valen\AppData\Local\Programs\MiKTeX\tex/latex/caption\caption3.sty
Package: caption3 2023/07/31 v2.4d caption3 kernel (AR)
\caption@tempdima=\dimen174
\captionmargin=\dimen175
\caption@leftmargin=\dimen176
\caption@rightmargin=\dimen177
\caption@width=\dimen178
\caption@indent=\dimen179
\caption@parindent=\dimen180
\caption@hangindent=\dimen181
Package caption Info: Standard document class detected.
)
\c@caption@flags=\count280
\c@continuedfloat=\count281
) (C:\Users\valen\AppData\Local\Programs\MiKTeX\tex/latex/hyperref\hyperref.sty
Package: hyperref 2023-02-07 v7.00v Hypertext links for LaTeX
 (C:\Users\valen\AppData\Local\Programs\MiKTeX\tex/generic/ltxcmds\ltxcmds.sty
Package: ltxcmds 2023-12-04 v1.26 LaTeX kernel commands for general use (HO)
) (C:\Users\valen\AppData\Local\Programs\MiKTeX\tex/generic/pdftexcmds\pdftexcmds.sty
Package: pdftexcmds 2020-06-27 v0.33 Utility functions of pdfTeX for LuaTeX (HO)
 (C:\Users\valen\AppData\Local\Programs\MiKTeX\tex/generic/infwarerr\infwarerr.sty
Package: infwarerr 2019/12/03 v1.5 Providing info/warning/error messages (HO)
)
Package pdftexcmds Info: \pdf@primitive is available.
Package pdftexcmds Info: \pdf@ifprimitive is available.
Package pdftexcmds Info: \pdfdraftmode found.
) (C:\Users\valen\AppData\Local\Programs\MiKTeX\tex/latex/kvsetkeys\kvsetkeys.sty
Package: kvsetkeys 2022-10-05 v1.19 Key value parser (HO)
) (C:\Users\valen\AppData\Local\Programs\MiKTeX\tex/generic/kvdefinekeys\kvdefinekeys.sty
Package: kvdefinekeys 2019-12-19 v1.6 Define keys (HO)
) (C:\Users\valen\AppData\Local\Programs\MiKTeX\tex/generic/pdfescape\pdfescape.sty
Package: pdfescape 2019/12/09 v1.15 Implements pdfTeX's escape features (HO)
) (C:\Users\valen\AppData\Local\Programs\MiKTeX\tex/latex/hycolor\hycolor.sty
Package: hycolor 2020-01-27 v1.10 Color options for hyperref/bookmark (HO)
) (C:\Users\valen\AppData\Local\Programs\MiKTeX\tex/latex/letltxmacro\letltxmacro.sty
Package: letltxmacro 2019/12/03 v1.6 Let assignment for LaTeX macros (HO)
) (C:\Users\valen\AppData\Local\Programs\MiKTeX\tex/latex/auxhook\auxhook.sty
Package: auxhook 2019-12-17 v1.6 Hooks for auxiliary files (HO)
) (C:\Users\valen\AppData\Local\Programs\MiKTeX\tex/latex/hyperref\nameref.sty
Package: nameref 2022-05-17 v2.50 Cross-referencing by name of section
 (C:\Users\valen\AppData\Local\Programs\MiKTeX\tex/latex/refcount\refcount.sty
Package: refcount 2019/12/15 v3.6 Data extraction from label references (HO)
) (C:\Users\valen\AppData\Local\Programs\MiKTeX\tex/generic/gettitlestring\gettitlestring.sty
Package: gettitlestring 2019/12/15 v1.6 Cleanup title references (HO)
 (C:\Users\valen\AppData\Local\Programs\MiKTeX\tex/latex/kvoptions\kvoptions.sty
Package: kvoptions 2022-06-15 v3.15 Key value format for package options (HO)
))
\c@section@level=\count282
)
\@linkdim=\dimen182
\Hy@linkcounter=\count283
\Hy@pagecounter=\count284
 (C:\Users\valen\AppData\Local\Programs\MiKTeX\tex/latex/hyperref\pd1enc.def
File: pd1enc.def 2023-02-07 v7.00v Hyperref: PDFDocEncoding definition (HO)
Now handling font encoding PD1 ...
... no UTF-8 mapping file for font encoding PD1
) (C:\Users\valen\AppData\Local\Programs\MiKTeX\tex/generic/intcalc\intcalc.sty
Package: intcalc 2019/12/15 v1.3 Expandable calculations with integers (HO)
) (C:\Users\valen\AppData\Local\Programs\MiKTeX\tex/generic/etexcmds\etexcmds.sty
Package: etexcmds 2019/12/15 v1.7 Avoid name clashes with e-TeX commands (HO)
)
\Hy@SavedSpaceFactor=\count285
 (C:\Users\valen\AppData\Local\Programs\MiKTeX\tex/latex/hyperref\puenc.def
File: puenc.def 2023-02-07 v7.00v Hyperref: PDF Unicode definition (HO)
Now handling font encoding PU ...
... no UTF-8 mapping file for font encoding PU
)
Package hyperref Info: Option `colorlinks' set `true' on input line 4060.
Package hyperref Info: Hyper figures OFF on input line 4177.
Package hyperref Info: Link nesting OFF on input line 4182.
Package hyperref Info: Hyper index ON on input line 4185.
Package hyperref Info: Plain pages OFF on input line 4192.
Package hyperref Info: Backreferencing OFF on input line 4197.
Package hyperref Info: Implicit mode ON; LaTeX internals redefined.
Package hyperref Info: Bookmarks ON on input line 4425.
\c@Hy@tempcnt=\count286
 (C:\Users\valen\AppData\Local\Programs\MiKTeX\tex/latex/url\url.sty
\Urlmuskip=\muskip17
Package: url 2013/09/16  ver 3.4  Verb mode for urls, etc.
)
LaTeX Info: Redefining \url on input line 4763.
\XeTeXLinkMargin=\dimen183
 (C:\Users\valen\AppData\Local\Programs\MiKTeX\tex/generic/bitset\bitset.sty
Package: bitset 2019/12/09 v1.3 Handle bit-vector datatype (HO)
 (C:\Users\valen\AppData\Local\Programs\MiKTeX\tex/generic/bigintcalc\bigintcalc.sty
Package: bigintcalc 2019/12/15 v1.5 Expandable calculations on big integers (HO)
))
\Fld@menulength=\count287
\Field@Width=\dimen184
\Fld@charsize=\dimen185
Package hyperref Info: Hyper figures OFF on input line 6042.
Package hyperref Info: Link nesting OFF on input line 6047.
Package hyperref Info: Hyper index ON on input line 6050.
Package hyperref Info: backreferencing OFF on input line 6057.
Package hyperref Info: Link coloring ON on input line 6060.
Package hyperref Info: Link coloring with OCG OFF on input line 6067.
Package hyperref Info: PDF/A mode OFF on input line 6072.
 (C:\Users\valen\AppData\Local\Programs\MiKTeX\tex/latex/base\atbegshi-ltx.sty
Package: atbegshi-ltx 2021/01/10 v1.0c Emulation of the original atbegshi
package with kernel methods
)
\Hy@abspage=\count288
\c@Item=\count289
\c@Hfootnote=\count290
)
Package hyperref Info: Driver (autodetected): hpdftex.
 (C:\Users\valen\AppData\Local\Programs\MiKTeX\tex/latex/hyperref\hpdftex.def
File: hpdftex.def 2023-02-07 v7.00v Hyperref driver for pdfTeX
 (C:\Users\valen\AppData\Local\Programs\MiKTeX\tex/latex/base\atveryend-ltx.sty
Package: atveryend-ltx 2020/08/19 v1.0a Emulation of the original atveryend package
with kernel methods
)
\Fld@listcount=\count291
\c@bookmark@seq@number=\count292
 (C:\Users\valen\AppData\Local\Programs\MiKTeX\tex/latex/rerunfilecheck\rerunfilecheck.sty
Package: rerunfilecheck 2025-06-21 v1.11 Rerun checks for auxiliary files (HO)
 (C:\Users\valen\AppData\Local\Programs\MiKTeX\tex/generic/uniquecounter\uniquecounter.sty
Package: uniquecounter 2019/12/15 v1.4 Provide unlimited unique counter (HO)
)
Package uniquecounter Info: New unique counter `rerunfilecheck' on input line 284.
)
\Hy@SectionHShift=\skip53
) (C:\Users\valen\AppData\Local\Programs\MiKTeX\tex/latex/placeins\placeins.sty
Package: placeins 2005/04/18  v 2.2
)
c:/Users/valen/OneDrive/Dokumente/python/Uni/Grundpraktikum/V1_W-Lehre1/Leon/main (1).tex:14: Undefined control sequence.
l.14 \sisetup
             {locale = DE, seperate-uncertainty = true}
The control sequence at the end of the top line
of your error message was never \def'ed. If you have
misspelled it (e.g., `\hobx'), type `I' and the correct
spelling (e.g., `I\hbox'). Otherwise just continue,
and I'll forget about whatever was undefined.


c:/Users/valen/OneDrive/Dokumente/python/Uni/Grundpraktikum/V1_W-Lehre1/Leon/main (1).tex:14: LaTeX Error: Missing \begin{document}.

See the LaTeX manual or LaTeX Companion for explanation.
Type  H <return>  for immediate help.
 ...                                              
                                                  
l.14 \sisetup{l
               ocale = DE, seperate-uncertainty = true}
You're in trouble here.  Try typing  <return>  to proceed.
If that doesn't work, type  X <return>  to quit.

(C:\Users\valen\AppData\Local\Programs\MiKTeX\tex/latex/tcolorbox\tcolorbox.sty
Package: tcolorbox 2023/03/17 version 6.0.3 text color boxes
 (C:\Users\valen\AppData\Local\Programs\MiKTeX\tex/latex/pgf/basiclayer\pgf.sty (C:\Users\valen\AppData\Local\Programs\MiKTeX\tex/latex/pgf/utilities\pgfrcs.sty (C:\Users\valen\AppData\Local\Programs\MiKTeX\tex/generic/pgf/utilities\pgfutil-common.tex
\pgfutil@everybye=\toks25
\pgfutil@tempdima=\dimen186
\pgfutil@tempdimb=\dimen187
) (C:\Users\valen\AppData\Local\Programs\MiKTeX\tex/generic/pgf/utilities\pgfutil-latex.def
\pgfutil@abb=\box53
) (C:\Users\valen\AppData\Local\Programs\MiKTeX\tex/generic/pgf/utilities\pgfrcs.code.tex (C:\Users\valen\AppData\Local\Programs\MiKTeX\tex/generic/pgf\pgf.revision.tex)
Package: pgfrcs 2023-01-15 v3.1.10 (3.1.10)
))
Package: pgf 2023-01-15 v3.1.10 (3.1.10)
 (C:\Users\valen\AppData\Local\Programs\MiKTeX\tex/latex/pgf/basiclayer\pgfcore.sty (C:\Users\valen\AppData\Local\Programs\MiKTeX\tex/latex/pgf/systemlayer\pgfsys.sty (C:\Users\valen\AppData\Local\Programs\MiKTeX\tex/generic/pgf/systemlayer\pgfsys.code.tex
Package: pgfsys 2023-01-15 v3.1.10 (3.1.10)
 (C:\Users\valen\AppData\Local\Programs\MiKTeX\tex/generic/pgf/utilities\pgfkeys.code.tex
\pgfkeys@pathtoks=\toks26
\pgfkeys@temptoks=\toks27
 (C:\Users\valen\AppData\Local\Programs\MiKTeX\tex/generic/pgf/utilities\pgfkeyslibraryfiltered.code.tex
\pgfkeys@tmptoks=\toks28
))
\pgf@x=\dimen188
\pgf@y=\dimen189
\pgf@xa=\dimen190
\pgf@ya=\dimen191
\pgf@xb=\dimen192
\pgf@yb=\dimen193
\pgf@xc=\dimen194
\pgf@yc=\dimen195
\pgf@xd=\dimen196
\pgf@yd=\dimen197
\w@pgf@writea=\write3
\r@pgf@reada=\read3
\c@pgf@counta=\count293
\c@pgf@countb=\count294
\c@pgf@countc=\count295
\c@pgf@countd=\count296
\t@pgf@toka=\toks29
\t@pgf@tokb=\toks30
\t@pgf@tokc=\toks31
\pgf@sys@id@count=\count297
 (C:\Users\valen\AppData\Local\Programs\MiKTeX\tex/generic/pgf/systemlayer\pgf.cfg
File: pgf.cfg 2023-01-15 v3.1.10 (3.1.10)
)
Driver file for pgf: pgfsys-pdftex.def
 (C:\Users\valen\AppData\Local\Programs\MiKTeX\tex/generic/pgf/systemlayer\pgfsys-pdftex.def
File: pgfsys-pdftex.def 2023-01-15 v3.1.10 (3.1.10)
 (C:\Users\valen\AppData\Local\Programs\MiKTeX\tex/generic/pgf/systemlayer\pgfsys-common-pdf.def
File: pgfsys-common-pdf.def 2023-01-15 v3.1.10 (3.1.10)
))) (C:\Users\valen\AppData\Local\Programs\MiKTeX\tex/generic/pgf/systemlayer\pgfsyssoftpath.code.tex
File: pgfsyssoftpath.code.tex 2023-01-15 v3.1.10 (3.1.10)
\pgfsyssoftpath@smallbuffer@items=\count298
\pgfsyssoftpath@bigbuffer@items=\count299
) (C:\Users\valen\AppData\Local\Programs\MiKTeX\tex/generic/pgf/systemlayer\pgfsysprotocol.code.tex
File: pgfsysprotocol.code.tex 2023-01-15 v3.1.10 (3.1.10)
)) (C:\Users\valen\AppData\Local\Programs\MiKTeX\tex/latex/xcolor\xcolor.sty
Package: xcolor 2022/06/12 v2.14 LaTeX color extensions (UK)
 (C:\Users\valen\AppData\Local\Programs\MiKTeX\tex/latex/graphics-cfg\color.cfg
File: color.cfg 2016/01/02 v1.6 sample color configuration
)
Package xcolor Info: Driver file: pdftex.def on input line 227.
 (C:\Users\valen\AppData\Local\Programs\MiKTeX\tex/latex/graphics\mathcolor.ltx)
Package xcolor Info: Model `cmy' substituted by `cmy0' on input line 1353.
Package xcolor Info: Model `hsb' substituted by `rgb' on input line 1357.
Package xcolor Info: Model `RGB' extended on input line 1369.
Package xcolor Info: Model `HTML' substituted by `rgb' on input line 1371.
Package xcolor Info: Model `Hsb' substituted by `hsb' on input line 1372.
Package xcolor Info: Model `tHsb' substituted by `hsb' on input line 1373.
Package xcolor Info: Model `HSB' substituted by `hsb' on input line 1374.
Package xcolor Info: Model `Gray' substituted by `gray' on input line 1375.
Package xcolor Info: Model `wave' substituted by `hsb' on input line 1376.
) (C:\Users\valen\AppData\Local\Programs\MiKTeX\tex/generic/pgf/basiclayer\pgfcore.code.tex
Package: pgfcore 2023-01-15 v3.1.10 (3.1.10)
 (C:\Users\valen\AppData\Local\Programs\MiKTeX\tex/generic/pgf/math\pgfmath.code.tex (C:\Users\valen\AppData\Local\Programs\MiKTeX\tex/generic/pgf/math\pgfmathutil.code.tex) (C:\Users\valen\AppData\Local\Programs\MiKTeX\tex/generic/pgf/math\pgfmathparser.code.tex
\pgfmath@dimen=\dimen198
\pgfmath@count=\count300
\pgfmath@box=\box54
\pgfmath@toks=\toks32
\pgfmath@stack@operand=\toks33
\pgfmath@stack@operation=\toks34
) (C:\Users\valen\AppData\Local\Programs\MiKTeX\tex/generic/pgf/math\pgfmathfunctions.code.tex) (C:\Users\valen\AppData\Local\Programs\MiKTeX\tex/generic/pgf/math\pgfmathfunctions.basic.code.tex) (C:\Users\valen\AppData\Local\Programs\MiKTeX\tex/generic/pgf/math\pgfmathfunctions.trigonometric.code.tex) (C:\Users\valen\AppData\Local\Programs\MiKTeX\tex/generic/pgf/math\pgfmathfunctions.random.code.tex) (C:\Users\valen\AppData\Local\Programs\MiKTeX\tex/generic/pgf/math\pgfmathfunctions.comparison.code.tex) (C:\Users\valen\AppData\Local\Programs\MiKTeX\tex/generic/pgf/math\pgfmathfunctions.base.code.tex) (C:\Users\valen\AppData\Local\Programs\MiKTeX\tex/generic/pgf/math\pgfmathfunctions.round.code.tex) (C:\Users\valen\AppData\Local\Programs\MiKTeX\tex/generic/pgf/math\pgfmathfunctions.misc.code.tex) (C:\Users\valen\AppData\Local\Programs\MiKTeX\tex/generic/pgf/math\pgfmathfunctions.integerarithmetics.code.tex) (C:\Users\valen\AppData\Local\Programs\MiKTeX\tex/generic/pgf/math\pgfmathcalc.code.tex) (C:\Users\valen\AppData\Local\Programs\MiKTeX\tex/generic/pgf/math\pgfmathfloat.code.tex
\c@pgfmathroundto@lastzeros=\count301
)) (C:\Users\valen\AppData\Local\Programs\MiKTeX\tex/generic/pgf/math\pgfint.code.tex) (C:\Users\valen\AppData\Local\Programs\MiKTeX\tex/generic/pgf/basiclayer\pgfcorepoints.code.tex
File: pgfcorepoints.code.tex 2023-01-15 v3.1.10 (3.1.10)
\pgf@picminx=\dimen199
\pgf@picmaxx=\dimen256
\pgf@picminy=\dimen257
\pgf@picmaxy=\dimen258
\pgf@pathminx=\dimen259
\pgf@pathmaxx=\dimen260
\pgf@pathminy=\dimen261
\pgf@pathmaxy=\dimen262
\pgf@xx=\dimen263
\pgf@xy=\dimen264
\pgf@yx=\dimen265
\pgf@yy=\dimen266
\pgf@zx=\dimen267
\pgf@zy=\dimen268
) (C:\Users\valen\AppData\Local\Programs\MiKTeX\tex/generic/pgf/basiclayer\pgfcorepathconstruct.code.tex
File: pgfcorepathconstruct.code.tex 2023-01-15 v3.1.10 (3.1.10)
\pgf@path@lastx=\dimen269
\pgf@path@lasty=\dimen270
) (C:\Users\valen\AppData\Local\Programs\MiKTeX\tex/generic/pgf/basiclayer\pgfcorepathusage.code.tex
File: pgfcorepathusage.code.tex 2023-01-15 v3.1.10 (3.1.10)
\pgf@shorten@end@additional=\dimen271
\pgf@shorten@start@additional=\dimen272
) (C:\Users\valen\AppData\Local\Programs\MiKTeX\tex/generic/pgf/basiclayer\pgfcorescopes.code.tex
File: pgfcorescopes.code.tex 2023-01-15 v3.1.10 (3.1.10)
\pgfpic=\box55
\pgf@hbox=\box56
\pgf@layerbox@main=\box57
\pgf@picture@serial@count=\count302
) (C:\Users\valen\AppData\Local\Programs\MiKTeX\tex/generic/pgf/basiclayer\pgfcoregraphicstate.code.tex
File: pgfcoregraphicstate.code.tex 2023-01-15 v3.1.10 (3.1.10)
\pgflinewidth=\dimen273
) (C:\Users\valen\AppData\Local\Programs\MiKTeX\tex/generic/pgf/basiclayer\pgfcoretransformations.code.tex
File: pgfcoretransformations.code.tex 2023-01-15 v3.1.10 (3.1.10)
\pgf@pt@x=\dimen274
\pgf@pt@y=\dimen275
\pgf@pt@temp=\dimen276
) (C:\Users\valen\AppData\Local\Programs\MiKTeX\tex/generic/pgf/basiclayer\pgfcorequick.code.tex
File: pgfcorequick.code.tex 2023-01-15 v3.1.10 (3.1.10)
) (C:\Users\valen\AppData\Local\Programs\MiKTeX\tex/generic/pgf/basiclayer\pgfcoreobjects.code.tex
File: pgfcoreobjects.code.tex 2023-01-15 v3.1.10 (3.1.10)
) (C:\Users\valen\AppData\Local\Programs\MiKTeX\tex/generic/pgf/basiclayer\pgfcorepathprocessing.code.tex
File: pgfcorepathprocessing.code.tex 2023-01-15 v3.1.10 (3.1.10)
) (C:\Users\valen\AppData\Local\Programs\MiKTeX\tex/generic/pgf/basiclayer\pgfcorearrows.code.tex
File: pgfcorearrows.code.tex 2023-01-15 v3.1.10 (3.1.10)
\pgfarrowsep=\dimen277
) (C:\Users\valen\AppData\Local\Programs\MiKTeX\tex/generic/pgf/basiclayer\pgfcoreshade.code.tex
File: pgfcoreshade.code.tex 2023-01-15 v3.1.10 (3.1.10)
\pgf@max=\dimen278
\pgf@sys@shading@range@num=\count303
\pgf@shadingcount=\count304
) (C:\Users\valen\AppData\Local\Programs\MiKTeX\tex/generic/pgf/basiclayer\pgfcoreimage.code.tex
File: pgfcoreimage.code.tex 2023-01-15 v3.1.10 (3.1.10)
) (C:\Users\valen\AppData\Local\Programs\MiKTeX\tex/generic/pgf/basiclayer\pgfcoreexternal.code.tex
File: pgfcoreexternal.code.tex 2023-01-15 v3.1.10 (3.1.10)
\pgfexternal@startupbox=\box58
) (C:\Users\valen\AppData\Local\Programs\MiKTeX\tex/generic/pgf/basiclayer\pgfcorelayers.code.tex
File: pgfcorelayers.code.tex 2023-01-15 v3.1.10 (3.1.10)
) (C:\Users\valen\AppData\Local\Programs\MiKTeX\tex/generic/pgf/basiclayer\pgfcoretransparency.code.tex
File: pgfcoretransparency.code.tex 2023-01-15 v3.1.10 (3.1.10)
) (C:\Users\valen\AppData\Local\Programs\MiKTeX\tex/generic/pgf/basiclayer\pgfcorepatterns.code.tex
File: pgfcorepatterns.code.tex 2023-01-15 v3.1.10 (3.1.10)
) (C:\Users\valen\AppData\Local\Programs\MiKTeX\tex/generic/pgf/basiclayer\pgfcorerdf.code.tex
File: pgfcorerdf.code.tex 2023-01-15 v3.1.10 (3.1.10)
))) (C:\Users\valen\AppData\Local\Programs\MiKTeX\tex/generic/pgf/modules\pgfmoduleshapes.code.tex
File: pgfmoduleshapes.code.tex 2023-01-15 v3.1.10 (3.1.10)
\pgfnodeparttextbox=\box59
) (C:\Users\valen\AppData\Local\Programs\MiKTeX\tex/generic/pgf/modules\pgfmoduleplot.code.tex
File: pgfmoduleplot.code.tex 2023-01-15 v3.1.10 (3.1.10)
) (C:\Users\valen\AppData\Local\Programs\MiKTeX\tex/latex/pgf/compatibility\pgfcomp-version-0-65.sty
Package: pgfcomp-version-0-65 2023-01-15 v3.1.10 (3.1.10)
\pgf@nodesepstart=\dimen279
\pgf@nodesepend=\dimen280
) (C:\Users\valen\AppData\Local\Programs\MiKTeX\tex/latex/pgf/compatibility\pgfcomp-version-1-18.sty
Package: pgfcomp-version-1-18 2023-01-15 v3.1.10 (3.1.10)
)) (C:\Users\valen\AppData\Local\Programs\MiKTeX\tex/latex/tools\verbatim.sty
Package: verbatim 2022-07-02 v1.5u LaTeX2e package for verbatim enhancements
\every@verbatim=\toks35
\verbatim@line=\toks36
\verbatim@in@stream=\read4
) (C:\Users\valen\AppData\Local\Programs\MiKTeX\tex/latex/environ\environ.sty
Package: environ 2014/05/04 v0.3 A new way to define environments
 (C:\Users\valen\AppData\Local\Programs\MiKTeX\tex/latex/trimspaces\trimspaces.sty
Package: trimspaces 2009/09/17 v1.1 Trim spaces around a token list
)) (C:\Users\valen\AppData\Local\Programs\MiKTeX\tex/latex/etoolbox\etoolbox.sty
Package: etoolbox 2020/10/05 v2.5k e-TeX tools for LaTeX (JAW)
\etb@tempcnta=\count305
)
\tcb@titlebox=\box60
\tcb@upperbox=\box61
\tcb@lowerbox=\box62
\tcb@phantombox=\box63
\c@tcbbreakpart=\count306
\c@tcblayer=\count307
\c@tcolorbox@number=\count308
\tcb@temp=\box64
\tcb@temp=\box65
\tcb@temp=\box66
\tcb@temp=\box67
) (C:\Users\valen\AppData\Local\Programs\MiKTeX\tex/latex/tcolorbox\tcbskins.code.tex
Library (tcolorbox): 'tcbskins.code.tex' version '6.0.3'
(C:\Users\valen\AppData\Local\Programs\MiKTeX\tex/latex/pgf/frontendlayer\tikz.sty (C:\Users\valen\AppData\Local\Programs\MiKTeX\tex/latex/pgf/utilities\pgffor.sty (C:\Users\valen\AppData\Local\Programs\MiKTeX\tex/latex/pgf/utilities\pgfkeys.sty (C:\Users\valen\AppData\Local\Programs\MiKTeX\tex/generic/pgf/utilities\pgfkeys.code.tex)) (C:\Users\valen\AppData\Local\Programs\MiKTeX\tex/latex/pgf/math\pgfmath.sty (C:\Users\valen\AppData\Local\Programs\MiKTeX\tex/generic/pgf/math\pgfmath.code.tex)) (C:\Users\valen\AppData\Local\Programs\MiKTeX\tex/generic/pgf/utilities\pgffor.code.tex
Package: pgffor 2023-01-15 v3.1.10 (3.1.10)
\pgffor@iter=\dimen281
\pgffor@skip=\dimen282
\pgffor@stack=\toks37
\pgffor@toks=\toks38
)) (C:\Users\valen\AppData\Local\Programs\MiKTeX\tex/generic/pgf/frontendlayer/tikz\tikz.code.tex
Package: tikz 2023-01-15 v3.1.10 (3.1.10)
 (C:\Users\valen\AppData\Local\Programs\MiKTeX\tex/generic/pgf/libraries\pgflibraryplothandlers.code.tex
File: pgflibraryplothandlers.code.tex 2023-01-15 v3.1.10 (3.1.10)
\pgf@plot@mark@count=\count309
\pgfplotmarksize=\dimen283
)
\tikz@lastx=\dimen284
\tikz@lasty=\dimen285
\tikz@lastxsaved=\dimen286
\tikz@lastysaved=\dimen287
\tikz@lastmovetox=\dimen288
\tikz@lastmovetoy=\dimen289
\tikzleveldistance=\dimen290
\tikzsiblingdistance=\dimen291
\tikz@figbox=\box68
\tikz@figbox@bg=\box69
\tikz@tempbox=\box70
\tikz@tempbox@bg=\box71
\tikztreelevel=\count310
\tikznumberofchildren=\count311
\tikznumberofcurrentchild=\count312
\tikz@fig@count=\count313
 (C:\Users\valen\AppData\Local\Programs\MiKTeX\tex/generic/pgf/modules\pgfmodulematrix.code.tex
File: pgfmodulematrix.code.tex 2023-01-15 v3.1.10 (3.1.10)
\pgfmatrixcurrentrow=\count314
\pgfmatrixcurrentcolumn=\count315
\pgf@matrix@numberofcolumns=\count316
)
\tikz@expandcount=\count317
 (C:\Users\valen\AppData\Local\Programs\MiKTeX\tex/generic/pgf/frontendlayer/tikz/libraries\tikzlibrarytopaths.code.tex
File: tikzlibrarytopaths.code.tex 2023-01-15 v3.1.10 (3.1.10)
))) (C:\Users\valen\AppData\Local\Programs\MiKTeX\tex/latex/tikzfill\tikzfill.image.sty
Package: tikzfill.image 2026/04/23 v1.2.0 Image filling library for TikZ
 (C:\Users\valen\AppData\Local\Programs\MiKTeX\tex/latex/tikzfill\tikzlibraryfill.image.code.tex
File: tikzlibraryfill.image.code.tex 2026/04/23 v1.2.0 Image filling library
\l__tikzfill_tmpa_dim=\dimen292
\l__tikzfill_tmpb_dim=\dimen293
\l__tikzfill_img_box=\box72
)) (C:\Users\valen\AppData\Local\Programs\MiKTeX\tex/latex/tcolorbox\tcbskinsjigsaw.code.tex
Library (tcolorbox): 'tcbskinsjigsaw.code.tex' version '6.0.3'
)) (C:\Users\valen\AppData\Local\Programs\MiKTeX\tex/latex/tcolorbox\tcbbreakable.code.tex
Library (tcolorbox): 'tcbbreakable.code.tex' version '6.0.3'
(C:\Users\valen\AppData\Local\Programs\MiKTeX\tex/latex/pdfcol\pdfcol.sty
Package: pdfcol 2022-09-21 v1.7 Handle new color stacks for pdfTeX (HO)
)
Package pdfcol Info: New color stack `tcb@breakable' = 1 on input line 23.
\tcb@testbox=\box73
\tcb@totalupperbox=\box74
\tcb@totallowerbox=\box75
) (C:\Users\valen\AppData\Local\Programs\MiKTeX\tex/latex/l3backend\l3backend-pdftex.def
File: l3backend-pdftex.def 2023-01-16 L3 backend support: PDF output (pdfTeX)
\l__color_backend_stack_int=\count318
\l__pdf_internal_box=\box76
) (main (1).aux)
\openout1 = `"main (1).aux"'.

LaTeX Font Info:    Checking defaults for OML/cmm/m/it on input line 24.
LaTeX Font Info:    ... okay on input line 24.
LaTeX Font Info:    Checking defaults for OMS/cmsy/m/n on input line 24.
LaTeX Font Info:    ... okay on input line 24.
LaTeX Font Info:    Checking defaults for OT1/cmr/m/n on input line 24.
LaTeX Font Info:    ... okay on input line 24.
LaTeX Font Info:    Checking defaults for T1/cmr/m/n on input line 24.
LaTeX Font Info:    ... okay on input line 24.
LaTeX Font Info:    Checking defaults for TS1/cmr/m/n on input line 24.
LaTeX Font Info:    ... okay on input line 24.
LaTeX Font Info:    Checking defaults for OMX/cmex/m/n on input line 24.
LaTeX Font Info:    ... okay on input line 24.
LaTeX Font Info:    Checking defaults for U/cmr/m/n on input line 24.
LaTeX Font Info:    ... okay on input line 24.
LaTeX Font Info:    Checking defaults for PD1/pdf/m/n on input line 24.
LaTeX Font Info:    ... okay on input line 24.
LaTeX Font Info:    Checking defaults for PU/pdf/m/n on input line 24.
LaTeX Font Info:    ... okay on input line 24.
 (C:\Users\valen\AppData\Local\Programs\MiKTeX\tex/context/base/mkii\supp-pdf.mkii
[Loading MPS to PDF converter (version 2006.09.02).]
\scratchcounter=\count319
\scratchdimen=\dimen294
\scratchbox=\box77
\nofMPsegments=\count320
\nofMParguments=\count321
\everyMPshowfont=\toks39
\MPscratchCnt=\count322
\MPscratchDim=\dimen295
\MPnumerator=\count323
\makeMPintoPDFobject=\count324
\everyMPtoPDFconversion=\toks40
) (C:\Users\valen\AppData\Local\Programs\MiKTeX\tex/latex/epstopdf-pkg\epstopdf-base.sty
Package: epstopdf-base 2020-01-24 v2.11 Base part for package epstopdf
Package epstopdf-base Info: Redefining graphics rule for `.eps' on input line 485.
 (C:\Users\valen\AppData\Local\Programs\MiKTeX\tex/latex/00miktex\epstopdf-sys.cfg
File: epstopdf-sys.cfg 2021/03/18 v2.0 Configuration of epstopdf for MiKTeX
))
*geometry* driver: auto-detecting
*geometry* detected driver: pdftex
*geometry* verbose mode - [ preamble ] result:
* driver: pdftex
* paper: <default>
* layout: <same size as paper>
* layoutoffset:(h,v)=(0.0pt,0.0pt)
* modes: 
* h-part:(L,W,R)=(71.13188pt, 472.03123pt, 71.13188pt)
* v-part:(T,H,B)=(71.13188pt, 652.70622pt, 71.13188pt)
* \paperwidth=614.295pt
* \paperheight=794.96999pt
* \textwidth=472.03123pt
* \textheight=652.70622pt
* \oddsidemargin=-1.1381pt
* \evensidemargin=-1.1381pt
* \topmargin=-38.1381pt
* \headheight=12.0pt
* \headsep=25.0pt
* \topskip=10.0pt
* \footskip=30.0pt
* \marginparwidth=65.0pt
* \marginparsep=11.0pt
* \columnsep=10.0pt
* \skip\footins=9.0pt plus 4.0pt minus 2.0pt
* \hoffset=0.0pt
* \voffset=0.0pt
* \mag=1000
* \@twocolumnfalse
* \@twosidefalse
* \@mparswitchfalse
* \@reversemarginfalse
* (1in=72.27pt=25.4mm, 1cm=28.453pt)

Package caption Info: Begin \AtBeginDocument code.
Package caption Info: hyperref package is loaded.
Package caption Info: End \AtBeginDocument code.
Package hyperref Info: Link coloring ON on input line 24.
\@outlinefile=\write4
\openout4 = `"main (1).out"'.

[1

{C:/Users/valen/AppData/Local/MiKTeX/fonts/map/pdftex/pdftex.map}]
LaTeX Font Info:    Trying to load font information for U+msa on input line 26.
 (C:\Users\valen\AppData\Local\Programs\MiKTeX\tex/latex/amsfonts\umsa.fd
File: umsa.fd 2013/01/14 v3.01 AMS symbols A
)
LaTeX Font Info:    Trying to load font information for U+msb on input line 26.
 (C:\Users\valen\AppData\Local\Programs\MiKTeX\tex/latex/amsfonts\umsb.fd
File: umsb.fd 2013/01/14 v3.01 AMS symbols B
)

c:/Users/valen/OneDrive/Dokumente/python/Uni/Grundpraktikum/V1_W-Lehre1/Leon/main (1).tex:29: Package pgfkeys Error: I do not know the key '/tcb/enhanced. colback', to which you passed 'blue!8', and I am going to ignore it. Perhaps you misspelled it.

See the pgfkeys package documentation for explanation.
Type  H <return>  for immediate help.
 ...                                              
                                                  
l.29 \begin{aufgabe}{Vormessungen}
                                  
This error message was generated by an \errmessage
command, so I can't give any explicit help.
Pretend that you're Hercule Poirot: Examine all clues,
and deduce the truth by order and method.


c:/Users/valen/OneDrive/Dokumente/python/Uni/Grundpraktikum/V1_W-Lehre1/Leon/main (1).tex:29: Package pgfkeys Error: I do not know the key '/tcb/fronttitle', to which you passed '\bfseries ', and I am going to ignore it. Perhaps you misspelled it.

See the pgfkeys package documentation for explanation.
Type  H <return>  for immediate help.
 ...                                              
                                                  
l.29 \begin{aufgabe}{Vormessungen}
                                  
(That was another \errmessage.)


LaTeX Warning: File `Rauschmessung_Druck-vorher.png' not found on input line 46.


c:/Users/valen/OneDrive/Dokumente/python/Uni/Grundpraktikum/V1_W-Lehre1/Leon/main (1).tex:46: Package pdftex.def Error: File `Rauschmessung_Druck-vorher.png' not found: using draft setting.

See the pdftex.def package documentation for explanation.
Type  H <return>  for immediate help.
 ...                                              
                                                  
l.46 ...linewidth]{Rauschmessung_Druck-vorher.png}
                                                  
Try typing  <return>  to proceed.
If that doesn't work, type  X <return>  to quit.

LaTeX Font Info:    Trying to load font information for T1+cmtt on input line 46.
(C:\Users\valen\AppData\Local\Programs\MiKTeX\tex/latex/base\t1cmtt.fd
File: t1cmtt.fd 2022/07/10 v2.5l Standard LaTeX font definitions
) [2]

LaTeX Warning: File `Rauschmessung_Temperatur-vorher.png' not found on input line 53.


c:/Users/valen/OneDrive/Dokumente/python/Uni/Grundpraktikum/V1_W-Lehre1/Leon/main (1).tex:53: Package pdftex.def Error: File `Rauschmessung_Temperatur-vorher.png' not found: using draft setting.

See the pdftex.def package documentation for explanation.
Type  H <return>  for immediate help.
 ...                                              
                                                  
l.53 ...idth]{Rauschmessung_Temperatur-vorher.png}
                                                  
Try typing  <return>  to proceed.
If that doesn't work, type  X <return>  to quit.

[3] [4]
c:/Users/valen/OneDrive/Dokumente/python/Uni/Grundpraktikum/V1_W-Lehre1/Leon/main (1).tex:58: Undefined control sequence.
l.58 ... und Druck folgende Werte: $\sigma_p = \SI
                                                  {0.4596}{\hecto\pascal}$, ...
The control sequence at the end of the top line
of your error message was never \def'ed. If you have
misspelled it (e.g., `\hobx'), type `I' and the correct
spelling (e.g., `I\hbox'). Otherwise just continue,
and I'll forget about whatever was undefined.

c:/Users/valen/OneDrive/Dokumente/python/Uni/Grundpraktikum/V1_W-Lehre1/Leon/main (1).tex:58: Undefined control sequence.
l.58 ...ende Werte: $\sigma_p = \SI{0.4596}{\hecto
                                                  \pascal}$, $\sigma_T = \SI...
The control sequence at the end of the top line
of your error message was never \def'ed. If you have
misspelled it (e.g., `\hobx'), type `I' and the correct
spelling (e.g., `I\hbox'). Otherwise just continue,
and I'll forget about whatever was undefined.

c:/Users/valen/OneDrive/Dokumente/python/Uni/Grundpraktikum/V1_W-Lehre1/Leon/main (1).tex:58: Undefined control sequence.
l.58 ...rte: $\sigma_p = \SI{0.4596}{\hecto\pascal
                                                  }$, $\sigma_T = \SI{0.0394...
The control sequence at the end of the top line
of your error message was never \def'ed. If you have
misspelled it (e.g., `\hobx'), type `I' and the correct
spelling (e.g., `I\hbox'). Otherwise just continue,
and I'll forget about whatever was undefined.

c:/Users/valen/OneDrive/Dokumente/python/Uni/Grundpraktikum/V1_W-Lehre1/Leon/main (1).tex:58: Undefined control sequence.
l.58 ...I{0.4596}{\hecto\pascal}$, $\sigma_T = \SI
                                                  {0.0394}{\celsius}$.
The control sequence at the end of the top line
of your error message was never \def'ed. If you have
misspelled it (e.g., `\hobx'), type `I' and the correct
spelling (e.g., `I\hbox'). Otherwise just continue,
and I'll forget about whatever was undefined.

c:/Users/valen/OneDrive/Dokumente/python/Uni/Grundpraktikum/V1_W-Lehre1/Leon/main (1).tex:58: Undefined control sequence.
l.58 ...pascal}$, $\sigma_T = \SI{0.0394}{\celsius
                                                  }$.
The control sequence at the end of the top line
of your error message was never \def'ed. If you have
misspelled it (e.g., `\hobx'), type `I' and the correct
spelling (e.g., `I\hbox'). Otherwise just continue,
and I'll forget about whatever was undefined.

c:/Users/valen/OneDrive/Dokumente/python/Uni/Grundpraktikum/V1_W-Lehre1/Leon/main (1).tex:62: Undefined control sequence.
l.62          &  Druck $p$/\si
                              {\hecto\pascal}& Temperatur $T$/\si{\celsius} \\
The control sequence at the end of the top line
of your error message was never \def'ed. If you have
misspelled it (e.g., `\hobx'), type `I' and the correct
spelling (e.g., `I\hbox'). Otherwise just continue,
and I'll forget about whatever was undefined.

c:/Users/valen/OneDrive/Dokumente/python/Uni/Grundpraktikum/V1_W-Lehre1/Leon/main (1).tex:62: Undefined control sequence.
l.62          &  Druck $p$/\si{\hecto
                                     \pascal}& Temperatur $T$/\si{\celsius} \\
The control sequence at the end of the top line
of your error message was never \def'ed. If you have
misspelled it (e.g., `\hobx'), type `I' and the correct
spelling (e.g., `I\hbox'). Otherwise just continue,
and I'll forget about whatever was undefined.

c:/Users/valen/OneDrive/Dokumente/python/Uni/Grundpraktikum/V1_W-Lehre1/Leon/main (1).tex:62: Undefined control sequence.
l.62          &  Druck $p$/\si{\hecto\pascal
                                            }& Temperatur $T$/\si{\celsius} \\
The control sequence at the end of the top line
of your error message was never \def'ed. If you have
misspelled it (e.g., `\hobx'), type `I' and the correct
spelling (e.g., `I\hbox'). Otherwise just continue,
and I'll forget about whatever was undefined.

c:/Users/valen/OneDrive/Dokumente/python/Uni/Grundpraktikum/V1_W-Lehre1/Leon/main (1).tex:62: Undefined control sequence.
l.62 ...$p$/\si{\hecto\pascal}& Temperatur $T$/\si
                                                  {\celsius} \\
The control sequence at the end of the top line
of your error message was never \def'ed. If you have
misspelled it (e.g., `\hobx'), type `I' and the correct
spelling (e.g., `I\hbox'). Otherwise just continue,
and I'll forget about whatever was undefined.

c:/Users/valen/OneDrive/Dokumente/python/Uni/Grundpraktikum/V1_W-Lehre1/Leon/main (1).tex:62: Undefined control sequence.
l.62 ...hecto\pascal}& Temperatur $T$/\si{\celsius
                                                  } \\
The control sequence at the end of the top line
of your error message was never \def'ed. If you have
misspelled it (e.g., `\hobx'), type `I' and the correct
spelling (e.g., `I\hbox'). Otherwise just continue,
and I'll forget about whatever was undefined.

c:/Users/valen/OneDrive/Dokumente/python/Uni/Grundpraktikum/V1_W-Lehre1/Leon/main (1).tex:72: Undefined control sequence.
l.72 ...nur Werte in Schritten von $\Delta p = \SI
                                                  {0.75}{\hecto\pascal}$ anz...
The control sequence at the end of the top line
of your error message was never \def'ed. If you have
misspelled it (e.g., `\hobx'), type `I' and the correct
spelling (e.g., `I\hbox'). Otherwise just continue,
and I'll forget about whatever was undefined.

c:/Users/valen/OneDrive/Dokumente/python/Uni/Grundpraktikum/V1_W-Lehre1/Leon/main (1).tex:72: Undefined control sequence.
l.72 ...Schritten von $\Delta p = \SI{0.75}{\hecto
                                                  \pascal}$ anzeigen kann un...
The control sequence at the end of the top line
of your error message was never \def'ed. If you have
misspelled it (e.g., `\hobx'), type `I' and the correct
spelling (e.g., `I\hbox'). Otherwise just continue,
and I'll forget about whatever was undefined.

c:/Users/valen/OneDrive/Dokumente/python/Uni/Grundpraktikum/V1_W-Lehre1/Leon/main (1).tex:72: Undefined control sequence.
l.72 ...en von $\Delta p = \SI{0.75}{\hecto\pascal
                                                  }$ anzeigen kann und unter...
The control sequence at the end of the top line
of your error message was never \def'ed. If you have
misspelled it (e.g., `\hobx'), type `I' and the correct
spelling (e.g., `I\hbox'). Otherwise just continue,
and I'll forget about whatever was undefined.

c:/Users/valen/OneDrive/Dokumente/python/Uni/Grundpraktikum/V1_W-Lehre1/Leon/main (1).tex:74: Undefined control sequence.
l.74 ...Digit}} = \frac{\Delta p}{\sqrt{12}} = \SI
                                                  {0.2165}{\hecto\pascal} \,.
The control sequence at the end of the top line
of your error message was never \def'ed. If you have
misspelled it (e.g., `\hobx'), type `I' and the correct
spelling (e.g., `I\hbox'). Otherwise just continue,
and I'll forget about whatever was undefined.

c:/Users/valen/OneDrive/Dokumente/python/Uni/Grundpraktikum/V1_W-Lehre1/Leon/main (1).tex:74: Undefined control sequence.
l.74 ...{\Delta p}{\sqrt{12}} = \SI{0.2165}{\hecto
                                                  \pascal} \,.
The control sequence at the end of the top line
of your error message was never \def'ed. If you have
misspelled it (e.g., `\hobx'), type `I' and the correct
spelling (e.g., `I\hbox'). Otherwise just continue,
and I'll forget about whatever was undefined.

c:/Users/valen/OneDrive/Dokumente/python/Uni/Grundpraktikum/V1_W-Lehre1/Leon/main (1).tex:74: Undefined control sequence.
l.74 ... p}{\sqrt{12}} = \SI{0.2165}{\hecto\pascal
                                                  } \,.
The control sequence at the end of the top line
of your error message was never \def'ed. If you have
misspelled it (e.g., `\hobx'), type `I' and the correct
spelling (e.g., `I\hbox'). Otherwise just continue,
and I'll forget about whatever was undefined.

c:/Users/valen/OneDrive/Dokumente/python/Uni/Grundpraktikum/V1_W-Lehre1/Leon/main (1).tex:84: Undefined control sequence.
l.84          & Leckrate/\si
                            {\hecto\pascal\per\minute}\\
The control sequence at the end of the top line
of your error message was never \def'ed. If you have
misspelled it (e.g., `\hobx'), type `I' and the correct
spelling (e.g., `I\hbox'). Otherwise just continue,
and I'll forget about whatever was undefined.

c:/Users/valen/OneDrive/Dokumente/python/Uni/Grundpraktikum/V1_W-Lehre1/Leon/main (1).tex:84: Undefined control sequence.
l.84          & Leckrate/\si{\hecto
                                   \pascal\per\minute}\\
The control sequence at the end of the top line
of your error message was never \def'ed. If you have
misspelled it (e.g., `\hobx'), type `I' and the correct
spelling (e.g., `I\hbox'). Otherwise just continue,
and I'll forget about whatever was undefined.

c:/Users/valen/OneDrive/Dokumente/python/Uni/Grundpraktikum/V1_W-Lehre1/Leon/main (1).tex:84: Undefined control sequence.
l.84          & Leckrate/\si{\hecto\pascal
                                          \per\minute}\\
The control sequence at the end of the top line
of your error message was never \def'ed. If you have
misspelled it (e.g., `\hobx'), type `I' and the correct
spelling (e.g., `I\hbox'). Otherwise just continue,
and I'll forget about whatever was undefined.

c:/Users/valen/OneDrive/Dokumente/python/Uni/Grundpraktikum/V1_W-Lehre1/Leon/main (1).tex:84: Undefined control sequence.
l.84          & Leckrate/\si{\hecto\pascal\per
                                              \minute}\\
The control sequence at the end of the top line
of your error message was never \def'ed. If you have
misspelled it (e.g., `\hobx'), type `I' and the correct
spelling (e.g., `I\hbox'). Otherwise just continue,
and I'll forget about whatever was undefined.

c:/Users/valen/OneDrive/Dokumente/python/Uni/Grundpraktikum/V1_W-Lehre1/Leon/main (1).tex:84: Undefined control sequence.
l.84 ...   & Leckrate/\si{\hecto\pascal\per\minute
                                                  }\\
The control sequence at the end of the top line
of your error message was never \def'ed. If you have
misspelled it (e.g., `\hobx'), type `I' and the correct
spelling (e.g., `I\hbox'). Otherwise just continue,
and I'll forget about whatever was undefined.

c:/Users/valen/OneDrive/Dokumente/python/Uni/Grundpraktikum/V1_W-Lehre1/Leon/main (1).tex:94: Undefined control sequence.
l.94 ...e Leckraten betragsmäßig klein sind (\SI
                                                  {<0,2}{\hecto\pascal\per\m...
The control sequence at the end of the top line
of your error message was never \def'ed. If you have
misspelled it (e.g., `\hobx'), type `I' and the correct
spelling (e.g., `I\hbox'). Otherwise just continue,
and I'll forget about whatever was undefined.

c:/Users/valen/OneDrive/Dokumente/python/Uni/Grundpraktikum/V1_W-Lehre1/Leon/main (1).tex:94: Undefined control sequence.
l.94 ...etragsmäßig klein sind (\SI{<0,2}{\hecto
                                                  \pascal\per\minute}), der ...
The control sequence at the end of the top line
of your error message was never \def'ed. If you have
misspelled it (e.g., `\hobx'), type `I' and the correct
spelling (e.g., `I\hbox'). Otherwise just continue,
and I'll forget about whatever was undefined.

c:/Users/valen/OneDrive/Dokumente/python/Uni/Grundpraktikum/V1_W-Lehre1/Leon/main (1).tex:94: Undefined control sequence.
l.94 ...äßig klein sind (\SI{<0,2}{\hecto\pascal
                                                  \per\minute}), der Aufbau ...
The control sequence at the end of the top line
of your error message was never \def'ed. If you have
misspelled it (e.g., `\hobx'), type `I' and the correct
spelling (e.g., `I\hbox'). Otherwise just continue,
and I'll forget about whatever was undefined.

c:/Users/valen/OneDrive/Dokumente/python/Uni/Grundpraktikum/V1_W-Lehre1/Leon/main (1).tex:94: Undefined control sequence.
l.94 ...ig klein sind (\SI{<0,2}{\hecto\pascal\per
                                                  \minute}), der Aufbau also...
The control sequence at the end of the top line
of your error message was never \def'ed. If you have
misspelled it (e.g., `\hobx'), type `I' and the correct
spelling (e.g., `I\hbox'). Otherwise just continue,
and I'll forget about whatever was undefined.

c:/Users/valen/OneDrive/Dokumente/python/Uni/Grundpraktikum/V1_W-Lehre1/Leon/main (1).tex:94: Undefined control sequence.
l.94 ...n sind (\SI{<0,2}{\hecto\pascal\per\minute
                                                  }), der Aufbau also über ...
The control sequence at the end of the top line
of your error message was never \def'ed. If you have
misspelled it (e.g., `\hobx'), type `I' and the correct
spelling (e.g., `I\hbox'). Otherwise just continue,
and I'll forget about whatever was undefined.


c:/Users/valen/OneDrive/Dokumente/python/Uni/Grundpraktikum/V1_W-Lehre1/Leon/main (1).tex:96: Package pgfkeys Error: I do not know the key '/tcb/enhanced. colback', to which you passed 'blue!8', and I am going to ignore it. Perhaps you misspelled it.

See the pgfkeys package documentation for explanation.
Type  H <return>  for immediate help.
 ...                                              
                                                  
l.96 \begin{aufgabe}{Rohdaten}
                              
(That was another \errmessage.)


c:/Users/valen/OneDrive/Dokumente/python/Uni/Grundpraktikum/V1_W-Lehre1/Leon/main (1).tex:96: Package pgfkeys Error: I do not know the key '/tcb/fronttitle', to which you passed '\bfseries ', and I am going to ignore it. Perhaps you misspelled it.

See the pgfkeys package documentation for explanation.
Type  H <return>  for immediate help.
 ...                                              
                                                  
l.96 \begin{aufgabe}{Rohdaten}
                              
(That was another \errmessage.)


LaTeX Warning: Reference `fig:gesamtansicht' on page 5 undefined on input line 106.


LaTeX Warning: File `Übersicht_Messung.png' not found on input line 110.


c:/Users/valen/OneDrive/Dokumente/python/Uni/Grundpraktikum/V1_W-Lehre1/Leon/main (1).tex:110: Package pdftex.def Error: File `Übersicht_Messung.png' not found: using draft setting.

See the pdftex.def package documentation for explanation.
Type  H <return>  for immediate help.
 ...                                              
                                                  
l.110 ...idth=1\linewidth]{Übersicht_Messung.png}
                                                  
Try typing  <return>  to proceed.
If that doesn't work, type  X <return>  to quit.

c:/Users/valen/OneDrive/Dokumente/python/Uni/Grundpraktikum/V1_W-Lehre1/Leon/main (1).tex:113: Extra }, or forgotten \endgroup.
\@endfloatbox ...pagefalse \outer@nobreak \egroup 
                                                  \color@endbox 
l.113 \end{figure}
                  
I've deleted a group-closing symbol because it seems to be
spurious, as in `$x}$'. But perhaps the } is legitimate and
you forgot something else, as in `\hbox{$x}'. In such cases
the way to recover is to insert both the forgotten and the
deleted material, e.g., by typing `I$}'.

[5

] [6]
c:/Users/valen/OneDrive/Dokumente/python/Uni/Grundpraktikum/V1_W-Lehre1/Leon/main (1).tex:115: Undefined control sequence.
l.115 ...rd bei Umgebungsbedingungen ($p\approx\SI
                                                  {987}{\hecto\pascal}$, $T\...
The control sequence at the end of the top line
of your error message was never \def'ed. If you have
misspelled it (e.g., `\hobx'), type `I' and the correct
spelling (e.g., `I\hbox'). Otherwise just continue,
and I'll forget about whatever was undefined.

c:/Users/valen/OneDrive/Dokumente/python/Uni/Grundpraktikum/V1_W-Lehre1/Leon/main (1).tex:115: Undefined control sequence.
l.115 ...ungsbedingungen ($p\approx\SI{987}{\hecto
                                                  \pascal}$, $T\approx\SI{23...
The control sequence at the end of the top line
of your error message was never \def'ed. If you have
misspelled it (e.g., `\hobx'), type `I' and the correct
spelling (e.g., `I\hbox'). Otherwise just continue,
and I'll forget about whatever was undefined.

c:/Users/valen/OneDrive/Dokumente/python/Uni/Grundpraktikum/V1_W-Lehre1/Leon/main (1).tex:115: Undefined control sequence.
l.115 ...ingungen ($p\approx\SI{987}{\hecto\pascal
                                                  }$, $T\approx\SI{23.6}{\ce...
The control sequence at the end of the top line
of your error message was never \def'ed. If you have
misspelled it (e.g., `\hobx'), type `I' and the correct
spelling (e.g., `I\hbox'). Otherwise just continue,
and I'll forget about whatever was undefined.

c:/Users/valen/OneDrive/Dokumente/python/Uni/Grundpraktikum/V1_W-Lehre1/Leon/main (1).tex:115: Undefined control sequence.
l.115 ...rox\SI{987}{\hecto\pascal}$, $T\approx\SI
                                                  {23.6}{\celsius}$) eine Ra...
The control sequence at the end of the top line
of your error message was never \def'ed. If you have
misspelled it (e.g., `\hobx'), type `I' and the correct
spelling (e.g., `I\hbox'). Otherwise just continue,
and I'll forget about whatever was undefined.

c:/Users/valen/OneDrive/Dokumente/python/Uni/Grundpraktikum/V1_W-Lehre1/Leon/main (1).tex:115: Undefined control sequence.
l.115 ...cto\pascal}$, $T\approx\SI{23.6}{\celsius
                                                  }$) eine Rauschmessung dur...
The control sequence at the end of the top line
of your error message was never \def'ed. If you have
misspelled it (e.g., `\hobx'), type `I' and the correct
spelling (e.g., `I\hbox'). Otherwise just continue,
and I'll forget about whatever was undefined.

c:/Users/valen/OneDrive/Dokumente/python/Uni/Grundpraktikum/V1_W-Lehre1/Leon/main (1).tex:115: Undefined control sequence.
l.115 ..., so dass ein konstanter Druck von $p=\SI
                                                  {157}{\hecto\pascal}$ eing...
The control sequence at the end of the top line
of your error message was never \def'ed. If you have
misspelled it (e.g., `\hobx'), type `I' and the correct
spelling (e.g., `I\hbox'). Otherwise just continue,
and I'll forget about whatever was undefined.

c:/Users/valen/OneDrive/Dokumente/python/Uni/Grundpraktikum/V1_W-Lehre1/Leon/main (1).tex:115: Undefined control sequence.
l.115 ...n konstanter Druck von $p=\SI{157}{\hecto
                                                  \pascal}$ eingestellt ist....
The control sequence at the end of the top line
of your error message was never \def'ed. If you have
misspelled it (e.g., `\hobx'), type `I' and the correct
spelling (e.g., `I\hbox'). Otherwise just continue,
and I'll forget about whatever was undefined.

c:/Users/valen/OneDrive/Dokumente/python/Uni/Grundpraktikum/V1_W-Lehre1/Leon/main (1).tex:115: Undefined control sequence.
l.115 ...anter Druck von $p=\SI{157}{\hecto\pascal
                                                  }$ eingestellt ist. Nun wi...
The control sequence at the end of the top line
of your error message was never \def'ed. If you have
misspelled it (e.g., `\hobx'), type `I' and the correct
spelling (e.g., `I\hbox'). Otherwise just continue,
and I'll forget about whatever was undefined.

c:/Users/valen/OneDrive/Dokumente/python/Uni/Grundpraktikum/V1_W-Lehre1/Leon/main (1).tex:115: Undefined control sequence.
l.115 ... wenn die Änderungsrate des Drucks $<\SI
                                                  {0.2}{\hecto\pascal\per\mi...
The control sequence at the end of the top line
of your error message was never \def'ed. If you have
misspelled it (e.g., `\hobx'), type `I' and the correct
spelling (e.g., `I\hbox'). Otherwise just continue,
and I'll forget about whatever was undefined.

c:/Users/valen/OneDrive/Dokumente/python/Uni/Grundpraktikum/V1_W-Lehre1/Leon/main (1).tex:115: Undefined control sequence.
l.115 ...nderungsrate des Drucks $<\SI{0.2}{\hecto
                                                  \pascal\per\minute}$ liegt...
The control sequence at the end of the top line
of your error message was never \def'ed. If you have
misspelled it (e.g., `\hobx'), type `I' and the correct
spelling (e.g., `I\hbox'). Otherwise just continue,
and I'll forget about whatever was undefined.

c:/Users/valen/OneDrive/Dokumente/python/Uni/Grundpraktikum/V1_W-Lehre1/Leon/main (1).tex:115: Undefined control sequence.
l.115 ...srate des Drucks $<\SI{0.2}{\hecto\pascal
                                                  \per\minute}$ liegt, ist u...
The control sequence at the end of the top line
of your error message was never \def'ed. If you have
misspelled it (e.g., `\hobx'), type `I' and the correct
spelling (e.g., `I\hbox'). Otherwise just continue,
and I'll forget about whatever was undefined.

c:/Users/valen/OneDrive/Dokumente/python/Uni/Grundpraktikum/V1_W-Lehre1/Leon/main (1).tex:115: Undefined control sequence.
l.115 ...e des Drucks $<\SI{0.2}{\hecto\pascal\per
                                                  \minute}$ liegt, ist unser...
The control sequence at the end of the top line
of your error message was never \def'ed. If you have
misspelled it (e.g., `\hobx'), type `I' and the correct
spelling (e.g., `I\hbox'). Otherwise just continue,
and I'll forget about whatever was undefined.

c:/Users/valen/OneDrive/Dokumente/python/Uni/Grundpraktikum/V1_W-Lehre1/Leon/main (1).tex:115: Undefined control sequence.
l.115 ...rucks $<\SI{0.2}{\hecto\pascal\per\minute
                                                  }$ liegt, ist unser Aufbau...
The control sequence at the end of the top line
of your error message was never \def'ed. If you have
misspelled it (e.g., `\hobx'), type `I' and the correct
spelling (e.g., `I\hbox'). Otherwise just continue,
and I'll forget about whatever was undefined.

c:/Users/valen/OneDrive/Dokumente/python/Uni/Grundpraktikum/V1_W-Lehre1/Leon/main (1).tex:115: Undefined control sequence.
l.115 ...gkeit der Siedetemperatur denn bei $T=\SI
                                                  {65,5}{\celsius}$ und $p=\...
The control sequence at the end of the top line
of your error message was never \def'ed. If you have
misspelled it (e.g., `\hobx'), type `I' and the correct
spelling (e.g., `I\hbox'). Otherwise just continue,
and I'll forget about whatever was undefined.

c:/Users/valen/OneDrive/Dokumente/python/Uni/Grundpraktikum/V1_W-Lehre1/Leon/main (1).tex:115: Undefined control sequence.
l.115 ...temperatur denn bei $T=\SI{65,5}{\celsius
                                                  }$ und $p=\SI{275}{\hecto\...
The control sequence at the end of the top line
of your error message was never \def'ed. If you have
misspelled it (e.g., `\hobx'), type `I' and the correct
spelling (e.g., `I\hbox'). Otherwise just continue,
and I'll forget about whatever was undefined.

c:/Users/valen/OneDrive/Dokumente/python/Uni/Grundpraktikum/V1_W-Lehre1/Leon/main (1).tex:115: Undefined control sequence.
l.115 ...nn bei $T=\SI{65,5}{\celsius}$ und $p=\SI
                                                  {275}{\hecto\pascal}$ und ...
The control sequence at the end of the top line
of your error message was never \def'ed. If you have
misspelled it (e.g., `\hobx'), type `I' and the correct
spelling (e.g., `I\hbox'). Otherwise just continue,
and I'll forget about whatever was undefined.

c:/Users/valen/OneDrive/Dokumente/python/Uni/Grundpraktikum/V1_W-Lehre1/Leon/main (1).tex:115: Undefined control sequence.
l.115 ...I{65,5}{\celsius}$ und $p=\SI{275}{\hecto
                                                  \pascal}$ und auch bei $T=...
The control sequence at the end of the top line
of your error message was never \def'ed. If you have
misspelled it (e.g., `\hobx'), type `I' and the correct
spelling (e.g., `I\hbox'). Otherwise just continue,
and I'll forget about whatever was undefined.

c:/Users/valen/OneDrive/Dokumente/python/Uni/Grundpraktikum/V1_W-Lehre1/Leon/main (1).tex:115: Undefined control sequence.
l.115 ...{\celsius}$ und $p=\SI{275}{\hecto\pascal
                                                  }$ und auch bei $T=\SI{87}...
The control sequence at the end of the top line
of your error message was never \def'ed. If you have
misspelled it (e.g., `\hobx'), type `I' and the correct
spelling (e.g., `I\hbox'). Otherwise just continue,
and I'll forget about whatever was undefined.

c:/Users/valen/OneDrive/Dokumente/python/Uni/Grundpraktikum/V1_W-Lehre1/Leon/main (1).tex:115: Undefined control sequence.
l.115 ...{275}{\hecto\pascal}$ und auch bei $T=\SI
                                                  {87}{\celsius}$ und $p=\SI...
The control sequence at the end of the top line
of your error message was never \def'ed. If you have
misspelled it (e.g., `\hobx'), type `I' and the correct
spelling (e.g., `I\hbox'). Otherwise just continue,
and I'll forget about whatever was undefined.

c:/Users/valen/OneDrive/Dokumente/python/Uni/Grundpraktikum/V1_W-Lehre1/Leon/main (1).tex:115: Undefined control sequence.
l.115 ...pascal}$ und auch bei $T=\SI{87}{\celsius
                                                  }$ und $p=\SI{647}{\hecto\...
The control sequence at the end of the top line
of your error message was never \def'ed. If you have
misspelled it (e.g., `\hobx'), type `I' and the correct
spelling (e.g., `I\hbox'). Otherwise just continue,
and I'll forget about whatever was undefined.

c:/Users/valen/OneDrive/Dokumente/python/Uni/Grundpraktikum/V1_W-Lehre1/Leon/main (1).tex:115: Undefined control sequence.
l.115 ...auch bei $T=\SI{87}{\celsius}$ und $p=\SI
                                                  {647}{\hecto\pascal}$ hat ...
The control sequence at the end of the top line
of your error message was never \def'ed. If you have
misspelled it (e.g., `\hobx'), type `I' and the correct
spelling (e.g., `I\hbox'). Otherwise just continue,
and I'll forget about whatever was undefined.

c:/Users/valen/OneDrive/Dokumente/python/Uni/Grundpraktikum/V1_W-Lehre1/Leon/main (1).tex:115: Undefined control sequence.
l.115 ...\SI{87}{\celsius}$ und $p=\SI{647}{\hecto
                                                  \pascal}$ hat das Wasser s...
The control sequence at the end of the top line
of your error message was never \def'ed. If you have
misspelled it (e.g., `\hobx'), type `I' and the correct
spelling (e.g., `I\hbox'). Otherwise just continue,
and I'll forget about whatever was undefined.

c:/Users/valen/OneDrive/Dokumente/python/Uni/Grundpraktikum/V1_W-Lehre1/Leon/main (1).tex:115: Undefined control sequence.
l.115 ...{\celsius}$ und $p=\SI{647}{\hecto\pascal
                                                  }$ hat das Wasser schon an...
The control sequence at the end of the top line
of your error message was never \def'ed. If you have
misspelled it (e.g., `\hobx'), type `I' and the correct
spelling (e.g., `I\hbox'). Otherwise just continue,
and I'll forget about whatever was undefined.

c:/Users/valen/OneDrive/Dokumente/python/Uni/Grundpraktikum/V1_W-Lehre1/Leon/main (1).tex:117: Undefined control sequence.
l.117 Aus den Daten der Hauptmesszeit von $t=\SI
                                                {3200}{s}$ bis $t=\SI{9450}{...
The control sequence at the end of the top line
of your error message was never \def'ed. If you have
misspelled it (e.g., `\hobx'), type `I' and the correct
spelling (e.g., `I\hbox'). Otherwise just continue,
and I'll forget about whatever was undefined.

c:/Users/valen/OneDrive/Dokumente/python/Uni/Grundpraktikum/V1_W-Lehre1/Leon/main (1).tex:117: Undefined control sequence.
l.117 ...tmesszeit von $t=\SI{3200}{s}$ bis $t=\SI
                                                  {9450}{s}$ kann man nun di...
The control sequence at the end of the top line
of your error message was never \def'ed. If you have
misspelled it (e.g., `\hobx'), type `I' and the correct
spelling (e.g., `I\hbox'). Otherwise just continue,
and I'll forget about whatever was undefined.


LaTeX Warning: File `Dampfdruckkurve_Hauptmessung.png' not found on input line 120.


c:/Users/valen/OneDrive/Dokumente/python/Uni/Grundpraktikum/V1_W-Lehre1/Leon/main (1).tex:120: Package pdftex.def Error: File `Dampfdruckkurve_Hauptmessung.png' not found: using draft setting.

See the pdftex.def package documentation for explanation.
Type  H <return>  for immediate help.
 ...                                              
                                                  
l.120 ...ewidth]{Dampfdruckkurve_Hauptmessung.png}
                                                  
Try typing  <return>  to proceed.
If that doesn't work, type  X <return>  to quit.

[7

] [8]
c:/Users/valen/OneDrive/Dokumente/python/Uni/Grundpraktikum/V1_W-Lehre1/Leon/main (1).tex:125: Undefined control sequence.
l.125 ...mten Aufgezeichneten Bereich ($\approx\SI
                                                  {26}{\celsius}$ bis $\SI{9...
The control sequence at the end of the top line
of your error message was never \def'ed. If you have
misspelled it (e.g., `\hobx'), type `I' and the correct
spelling (e.g., `I\hbox'). Otherwise just continue,
and I'll forget about whatever was undefined.

c:/Users/valen/OneDrive/Dokumente/python/Uni/Grundpraktikum/V1_W-Lehre1/Leon/main (1).tex:125: Undefined control sequence.
l.125 ...chneten Bereich ($\approx\SI{26}{\celsius
                                                  }$ bis $\SI{99}{\celsius}$...
The control sequence at the end of the top line
of your error message was never \def'ed. If you have
misspelled it (e.g., `\hobx'), type `I' and the correct
spelling (e.g., `I\hbox'). Otherwise just continue,
and I'll forget about whatever was undefined.

c:/Users/valen/OneDrive/Dokumente/python/Uni/Grundpraktikum/V1_W-Lehre1/Leon/main (1).tex:125: Undefined control sequence.
<recently read> \SI 
                    
l.125 ...eich ($\approx\SI{26}{\celsius}$ bis $\SI
                                                  {99}{\celsius}$) sehr gut ...
The control sequence at the end of the top line
of your error message was never \def'ed. If you have
misspelled it (e.g., `\hobx'), type `I' and the correct
spelling (e.g., `I\hbox'). Otherwise just continue,
and I'll forget about whatever was undefined.

c:/Users/valen/OneDrive/Dokumente/python/Uni/Grundpraktikum/V1_W-Lehre1/Leon/main (1).tex:125: Undefined control sequence.
l.125 ...x\SI{26}{\celsius}$ bis $\SI{99}{\celsius
                                                  }$) sehr gut mit den Liter...
The control sequence at the end of the top line
of your error message was never \def'ed. If you have
misspelled it (e.g., `\hobx'), type `I' and the correct
spelling (e.g., `I\hbox'). Otherwise just continue,
and I'll forget about whatever was undefined.


LaTeX Warning: Reference `fig:hauptmessung' on page 9 undefined on input line 127.


LaTeX Warning: File `Hauptmessung_zeitverlauf.png' not found on input line 130.


c:/Users/valen/OneDrive/Dokumente/python/Uni/Grundpraktikum/V1_W-Lehre1/Leon/main (1).tex:130: Package pdftex.def Error: File `Hauptmessung_zeitverlauf.png' not found: using draft setting.

See the pdftex.def package documentation for explanation.
Type  H <return>  for immediate help.
 ...                                              
                                                  
l.130 ...\linewidth]{Hauptmessung_zeitverlauf.png}
                                                  
Try typing  <return>  to proceed.
If that doesn't work, type  X <return>  to quit.


c:/Users/valen/OneDrive/Dokumente/python/Uni/Grundpraktikum/V1_W-Lehre1/Leon/main (1).tex:137: Package pgfkeys Error: I do not know the key '/tcb/enhanced. colback', to which you passed 'blue!8', and I am going to ignore it. Perhaps you misspelled it.

See the pgfkeys package documentation for explanation.
Type  H <return>  for immediate help.
 ...                                              
                                                  
l.137     Wassers}
                  
(That was another \errmessage.)


c:/Users/valen/OneDrive/Dokumente/python/Uni/Grundpraktikum/V1_W-Lehre1/Leon/main (1).tex:137: Package pgfkeys Error: I do not know the key '/tcb/fronttitle', to which you passed '\bfseries ', and I am going to ignore it. Perhaps you misspelled it.

See the pgfkeys package documentation for explanation.
Type  H <return>  for immediate help.
 ...                                              
                                                  
l.137     Wassers}
                  
(That was another \errmessage.)


LaTeX Warning: Reference `fig:pT' on page 9 undefined on input line 152.

[9

]
c:/Users/valen/OneDrive/Dokumente/python/Uni/Grundpraktikum/V1_W-Lehre1/Leon/main (1).tex:157: Undefined control sequence.
l.157 mit der molaren Gaskonstanten $R=\SI
                                          {8.314}{\joule\per\mole\per\kelvin...
The control sequence at the end of the top line
of your error message was never \def'ed. If you have
misspelled it (e.g., `\hobx'), type `I' and the correct
spelling (e.g., `I\hbox'). Otherwise just continue,
and I'll forget about whatever was undefined.

c:/Users/valen/OneDrive/Dokumente/python/Uni/Grundpraktikum/V1_W-Lehre1/Leon/main (1).tex:157: Undefined control sequence.
l.157 ...olaren Gaskonstanten $R=\SI{8.314}{\joule
                                                  \per\mole\per\kelvin}$, we...
The control sequence at the end of the top line
of your error message was never \def'ed. If you have
misspelled it (e.g., `\hobx'), type `I' and the correct
spelling (e.g., `I\hbox'). Otherwise just continue,
and I'll forget about whatever was undefined.

c:/Users/valen/OneDrive/Dokumente/python/Uni/Grundpraktikum/V1_W-Lehre1/Leon/main (1).tex:157: Undefined control sequence.
l.157 ...en Gaskonstanten $R=\SI{8.314}{\joule\per
                                                  \mole\per\kelvin}$, welche...
The control sequence at the end of the top line
of your error message was never \def'ed. If you have
misspelled it (e.g., `\hobx'), type `I' and the correct
spelling (e.g., `I\hbox'). Otherwise just continue,
and I'll forget about whatever was undefined.

c:/Users/valen/OneDrive/Dokumente/python/Uni/Grundpraktikum/V1_W-Lehre1/Leon/main (1).tex:157: Undefined control sequence.
l.157 ...skonstanten $R=\SI{8.314}{\joule\per\mole
                                                  \per\kelvin}$, welche aus ...
The control sequence at the end of the top line
of your error message was never \def'ed. If you have
misspelled it (e.g., `\hobx'), type `I' and the correct
spelling (e.g., `I\hbox'). Otherwise just continue,
and I'll forget about whatever was undefined.

c:/Users/valen/OneDrive/Dokumente/python/Uni/Grundpraktikum/V1_W-Lehre1/Leon/main (1).tex:157: Undefined control sequence.
l.157 ...stanten $R=\SI{8.314}{\joule\per\mole\per
                                                  \kelvin}$, welche aus dem ...
The control sequence at the end of the top line
of your error message was never \def'ed. If you have
misspelled it (e.g., `\hobx'), type `I' and the correct
spelling (e.g., `I\hbox'). Otherwise just continue,
and I'll forget about whatever was undefined.

c:/Users/valen/OneDrive/Dokumente/python/Uni/Grundpraktikum/V1_W-Lehre1/Leon/main (1).tex:157: Undefined control sequence.
l.157 ... $R=\SI{8.314}{\joule\per\mole\per\kelvin
                                                  }$, welche aus dem idealen...
The control sequence at the end of the top line
of your error message was never \def'ed. If you have
misspelled it (e.g., `\hobx'), type `I' and the correct
spelling (e.g., `I\hbox'). Otherwise just continue,
and I'll forget about whatever was undefined.

c:/Users/valen/OneDrive/Dokumente/python/Uni/Grundpraktikum/V1_W-Lehre1/Leon/main (1).tex:164: Undefined control sequence.
l.164 ...erhalten wird die Anpassung auf $T\in[\SI
                                                  {30}{\celsius},\SI{98.9}{\...
The control sequence at the end of the top line
of your error message was never \def'ed. If you have
misspelled it (e.g., `\hobx'), type `I' and the correct
spelling (e.g., `I\hbox'). Otherwise just continue,
and I'll forget about whatever was undefined.

c:/Users/valen/OneDrive/Dokumente/python/Uni/Grundpraktikum/V1_W-Lehre1/Leon/main (1).tex:164: Undefined control sequence.
l.164 ... die Anpassung auf $T\in[\SI{30}{\celsius
                                                  },\SI{98.9}{\celsius}]$ ei...
The control sequence at the end of the top line
of your error message was never \def'ed. If you have
misspelled it (e.g., `\hobx'), type `I' and the correct
spelling (e.g., `I\hbox'). Otherwise just continue,
and I'll forget about whatever was undefined.

c:/Users/valen/OneDrive/Dokumente/python/Uni/Grundpraktikum/V1_W-Lehre1/Leon/main (1).tex:164: Undefined control sequence.
l.164 ...Anpassung auf $T\in[\SI{30}{\celsius},\SI
                                                  {98.9}{\celsius}]$ eingesc...
The control sequence at the end of the top line
of your error message was never \def'ed. If you have
misspelled it (e.g., `\hobx'), type `I' and the correct
spelling (e.g., `I\hbox'). Otherwise just continue,
and I'll forget about whatever was undefined.

c:/Users/valen/OneDrive/Dokumente/python/Uni/Grundpraktikum/V1_W-Lehre1/Leon/main (1).tex:164: Undefined control sequence.
l.164 ...T\in[\SI{30}{\celsius},\SI{98.9}{\celsius
                                                  }]$ eingeschränkt dies si...
The control sequence at the end of the top line
of your error message was never \def'ed. If you have
misspelled it (e.g., `\hobx'), type `I' and the correct
spelling (e.g., `I\hbox'). Otherwise just continue,
and I'll forget about whatever was undefined.


LaTeX Warning: File `Dampfdruckkurve_Clausius-Clapeyron.png' not found on input line 167.


c:/Users/valen/OneDrive/Dokumente/python/Uni/Grundpraktikum/V1_W-Lehre1/Leon/main (1).tex:167: Package pdftex.def Error: File `Dampfdruckkurve_Clausius-Clapeyron.png' not found: using draft setting.

See the pdftex.def package documentation for explanation.
Type  H <return>  for immediate help.
 ...                                              
                                                  
l.167 ...]{Dampfdruckkurve_Clausius-Clapeyron.png}
                                                  
Try typing  <return>  to proceed.
If that doesn't work, type  X <return>  to quit.

[10] [11]
c:/Users/valen/OneDrive/Dokumente/python/Uni/Grundpraktikum/V1_W-Lehre1/Leon/main (1).tex:178: Undefined control sequence.
<argument>  a &=-5088,1747\pm 0,2200\si 
                                        {\kelvin }\, \\ b &=20,5826\pm 0,000...
l.178 \end{align}
                 
The control sequence at the end of the top line
of your error message was never \def'ed. If you have
misspelled it (e.g., `\hobx'), type `I' and the correct
spelling (e.g., `I\hbox'). Otherwise just continue,
and I'll forget about whatever was undefined.

c:/Users/valen/OneDrive/Dokumente/python/Uni/Grundpraktikum/V1_W-Lehre1/Leon/main (1).tex:178: Undefined control sequence.
<argument>  a &=-5088,1747\pm 0,2200\si {\kelvin 
                                                 }\, \\ b &=20,5826\pm 0,000...
l.178 \end{align}
                 
The control sequence at the end of the top line
of your error message was never \def'ed. If you have
misspelled it (e.g., `\hobx'), type `I' and the correct
spelling (e.g., `I\hbox'). Otherwise just continue,
and I'll forget about whatever was undefined.

c:/Users/valen/OneDrive/Dokumente/python/Uni/Grundpraktikum/V1_W-Lehre1/Leon/main (1).tex:178: Undefined control sequence.
<argument>  a &=-5088,1747\pm 0,2200\si 
                                        {\kelvin }\, \\ b &=20,5826\pm 0,000...
l.178 \end{align}
                 
The control sequence at the end of the top line
of your error message was never \def'ed. If you have
misspelled it (e.g., `\hobx'), type `I' and the correct
spelling (e.g., `I\hbox'). Otherwise just continue,
and I'll forget about whatever was undefined.

c:/Users/valen/OneDrive/Dokumente/python/Uni/Grundpraktikum/V1_W-Lehre1/Leon/main (1).tex:178: Undefined control sequence.
<argument>  a &=-5088,1747\pm 0,2200\si {\kelvin 
                                                 }\, \\ b &=20,5826\pm 0,000...
l.178 \end{align}
                 
The control sequence at the end of the top line
of your error message was never \def'ed. If you have
misspelled it (e.g., `\hobx'), type `I' and the correct
spelling (e.g., `I\hbox'). Otherwise just continue,
and I'll forget about whatever was undefined.

c:/Users/valen/OneDrive/Dokumente/python/Uni/Grundpraktikum/V1_W-Lehre1/Leon/main (1).tex:181: Undefined control sequence.
l.181     \Lambda = -a\cdotR
                             = (42,305 \pm 0,002_{\text{stat}})\;\si{\kilo\j...
The control sequence at the end of the top line
of your error message was never \def'ed. If you have
misspelled it (e.g., `\hobx'), type `I' and the correct
spelling (e.g., `I\hbox'). Otherwise just continue,
and I'll forget about whatever was undefined.

c:/Users/valen/OneDrive/Dokumente/python/Uni/Grundpraktikum/V1_W-Lehre1/Leon/main (1).tex:181: Undefined control sequence.
l.181 ...R = (42,305 \pm 0,002_{\text{stat}})\;\si
                                                  {\kilo\joule\per\mole}\, .
The control sequence at the end of the top line
of your error message was never \def'ed. If you have
misspelled it (e.g., `\hobx'), type `I' and the correct
spelling (e.g., `I\hbox'). Otherwise just continue,
and I'll forget about whatever was undefined.

c:/Users/valen/OneDrive/Dokumente/python/Uni/Grundpraktikum/V1_W-Lehre1/Leon/main (1).tex:181: Undefined control sequence.
l.181 ...2,305 \pm 0,002_{\text{stat}})\;\si{\kilo
                                                  \joule\per\mole}\, .
The control sequence at the end of the top line
of your error message was never \def'ed. If you have
misspelled it (e.g., `\hobx'), type `I' and the correct
spelling (e.g., `I\hbox'). Otherwise just continue,
and I'll forget about whatever was undefined.

c:/Users/valen/OneDrive/Dokumente/python/Uni/Grundpraktikum/V1_W-Lehre1/Leon/main (1).tex:181: Undefined control sequence.
l.181 ...\pm 0,002_{\text{stat}})\;\si{\kilo\joule
                                                  \per\mole}\, .
The control sequence at the end of the top line
of your error message was never \def'ed. If you have
misspelled it (e.g., `\hobx'), type `I' and the correct
spelling (e.g., `I\hbox'). Otherwise just continue,
and I'll forget about whatever was undefined.

c:/Users/valen/OneDrive/Dokumente/python/Uni/Grundpraktikum/V1_W-Lehre1/Leon/main (1).tex:181: Undefined control sequence.
l.181 ...0,002_{\text{stat}})\;\si{\kilo\joule\per
                                                  \mole}\, .
The control sequence at the end of the top line
of your error message was never \def'ed. If you have
misspelled it (e.g., `\hobx'), type `I' and the correct
spelling (e.g., `I\hbox'). Otherwise just continue,
and I'll forget about whatever was undefined.

c:/Users/valen/OneDrive/Dokumente/python/Uni/Grundpraktikum/V1_W-Lehre1/Leon/main (1).tex:181: Undefined control sequence.
l.181 ..._{\text{stat}})\;\si{\kilo\joule\per\mole
                                                  }\, .
The control sequence at the end of the top line
of your error message was never \def'ed. If you have
misspelled it (e.g., `\hobx'), type `I' and the correct
spelling (e.g., `I\hbox'). Otherwise just continue,
and I'll forget about whatever was undefined.


LaTeX Warning: File `Residuenplot.png' not found on input line 186.


c:/Users/valen/OneDrive/Dokumente/python/Uni/Grundpraktikum/V1_W-Lehre1/Leon/main (1).tex:186: Package pdftex.def Error: File `Residuenplot.png' not found: using draft setting.

See the pdftex.def package documentation for explanation.
Type  H <return>  for immediate help.
 ...                                              
                                                  
l.186 ...hics[width=1\linewidth]{Residuenplot.png}
                                                  
Try typing  <return>  to proceed.
If that doesn't work, type  X <return>  to quit.

[12

] [13]
c:/Users/valen/OneDrive/Dokumente/python/Uni/Grundpraktikum/V1_W-Lehre1/Leon/main (1).tex:191: Undefined control sequence.
l.191 ...r Drucksensor in diskreten Stufen von \SI
                                                  {0.75}{\hecto\pascal} aufn...
The control sequence at the end of the top line
of your error message was never \def'ed. If you have
misspelled it (e.g., `\hobx'), type `I' and the correct
spelling (e.g., `I\hbox'). Otherwise just continue,
and I'll forget about whatever was undefined.

c:/Users/valen/OneDrive/Dokumente/python/Uni/Grundpraktikum/V1_W-Lehre1/Leon/main (1).tex:191: Undefined control sequence.
l.191 ... in diskreten Stufen von \SI{0.75}{\hecto
                                                  \pascal} aufnimmt. Die Tem...
The control sequence at the end of the top line
of your error message was never \def'ed. If you have
misspelled it (e.g., `\hobx'), type `I' and the correct
spelling (e.g., `I\hbox'). Otherwise just continue,
and I'll forget about whatever was undefined.

c:/Users/valen/OneDrive/Dokumente/python/Uni/Grundpraktikum/V1_W-Lehre1/Leon/main (1).tex:191: Undefined control sequence.
l.191 ...kreten Stufen von \SI{0.75}{\hecto\pascal
                                                  } aufnimmt. Die Temperatur...
The control sequence at the end of the top line
of your error message was never \def'ed. If you have
misspelled it (e.g., `\hobx'), type `I' and the correct
spelling (e.g., `I\hbox'). Otherwise just continue,
and I'll forget about whatever was undefined.

c:/Users/valen/OneDrive/Dokumente/python/Uni/Grundpraktikum/V1_W-Lehre1/Leon/main (1).tex:191: Undefined control sequence.
<recently read> \SI 
                    
l.191 ...mperaturen sondern schwankt zwischen $\SI
                                                  {43.8}{\kilo\joule\per\mol...
The control sequence at the end of the top line
of your error message was never \def'ed. If you have
misspelled it (e.g., `\hobx'), type `I' and the correct
spelling (e.g., `I\hbox'). Otherwise just continue,
and I'll forget about whatever was undefined.

c:/Users/valen/OneDrive/Dokumente/python/Uni/Grundpraktikum/V1_W-Lehre1/Leon/main (1).tex:191: Undefined control sequence.
l.191 ...ondern schwankt zwischen $\SI{43.8}{\kilo
                                                  \joule\per\mole}$ bei \SI{...
The control sequence at the end of the top line
of your error message was never \def'ed. If you have
misspelled it (e.g., `\hobx'), type `I' and the correct
spelling (e.g., `I\hbox'). Otherwise just continue,
and I'll forget about whatever was undefined.

c:/Users/valen/OneDrive/Dokumente/python/Uni/Grundpraktikum/V1_W-Lehre1/Leon/main (1).tex:191: Undefined control sequence.
l.191 ... schwankt zwischen $\SI{43.8}{\kilo\joule
                                                  \per\mole}$ bei \SI{30}{\c...
The control sequence at the end of the top line
of your error message was never \def'ed. If you have
misspelled it (e.g., `\hobx'), type `I' and the correct
spelling (e.g., `I\hbox'). Otherwise just continue,
and I'll forget about whatever was undefined.

c:/Users/valen/OneDrive/Dokumente/python/Uni/Grundpraktikum/V1_W-Lehre1/Leon/main (1).tex:191: Undefined control sequence.
l.191 ...wankt zwischen $\SI{43.8}{\kilo\joule\per
                                                  \mole}$ bei \SI{30}{\celsi...
The control sequence at the end of the top line
of your error message was never \def'ed. If you have
misspelled it (e.g., `\hobx'), type `I' and the correct
spelling (e.g., `I\hbox'). Otherwise just continue,
and I'll forget about whatever was undefined.

c:/Users/valen/OneDrive/Dokumente/python/Uni/Grundpraktikum/V1_W-Lehre1/Leon/main (1).tex:191: Undefined control sequence.
l.191 ... zwischen $\SI{43.8}{\kilo\joule\per\mole
                                                  }$ bei \SI{30}{\celsius} u...
The control sequence at the end of the top line
of your error message was never \def'ed. If you have
misspelled it (e.g., `\hobx'), type `I' and the correct
spelling (e.g., `I\hbox'). Otherwise just continue,
and I'll forget about whatever was undefined.

c:/Users/valen/OneDrive/Dokumente/python/Uni/Grundpraktikum/V1_W-Lehre1/Leon/main (1).tex:191: Undefined control sequence.
l.191 ...$\SI{43.8}{\kilo\joule\per\mole}$ bei \SI
                                                  {30}{\celsius} und $\SI{40...
The control sequence at the end of the top line
of your error message was never \def'ed. If you have
misspelled it (e.g., `\hobx'), type `I' and the correct
spelling (e.g., `I\hbox'). Otherwise just continue,
and I'll forget about whatever was undefined.

c:/Users/valen/OneDrive/Dokumente/python/Uni/Grundpraktikum/V1_W-Lehre1/Leon/main (1).tex:191: Undefined control sequence.
l.191 ...ilo\joule\per\mole}$ bei \SI{30}{\celsius
                                                  } und $\SI{40.9}{\kilo\jou...
The control sequence at the end of the top line
of your error message was never \def'ed. If you have
misspelled it (e.g., `\hobx'), type `I' and the correct
spelling (e.g., `I\hbox'). Otherwise just continue,
and I'll forget about whatever was undefined.

c:/Users/valen/OneDrive/Dokumente/python/Uni/Grundpraktikum/V1_W-Lehre1/Leon/main (1).tex:191: Undefined control sequence.
<recently read> \SI 
                    
l.191 ...per\mole}$ bei \SI{30}{\celsius} und $\SI
                                                  {40.9}{\kilo\joule\per\mol...
The control sequence at the end of the top line
of your error message was never \def'ed. If you have
misspelled it (e.g., `\hobx'), type `I' and the correct
spelling (e.g., `I\hbox'). Otherwise just continue,
and I'll forget about whatever was undefined.

c:/Users/valen/OneDrive/Dokumente/python/Uni/Grundpraktikum/V1_W-Lehre1/Leon/main (1).tex:191: Undefined control sequence.
l.191 ...ei \SI{30}{\celsius} und $\SI{40.9}{\kilo
                                                  \joule\per\mole}$ bei \SI{...
The control sequence at the end of the top line
of your error message was never \def'ed. If you have
misspelled it (e.g., `\hobx'), type `I' and the correct
spelling (e.g., `I\hbox'). Otherwise just continue,
and I'll forget about whatever was undefined.

c:/Users/valen/OneDrive/Dokumente/python/Uni/Grundpraktikum/V1_W-Lehre1/Leon/main (1).tex:191: Undefined control sequence.
l.191 ...{30}{\celsius} und $\SI{40.9}{\kilo\joule
                                                  \per\mole}$ bei \SI{95}{\c...
The control sequence at the end of the top line
of your error message was never \def'ed. If you have
misspelled it (e.g., `\hobx'), type `I' and the correct
spelling (e.g., `I\hbox'). Otherwise just continue,
and I'll forget about whatever was undefined.

c:/Users/valen/OneDrive/Dokumente/python/Uni/Grundpraktikum/V1_W-Lehre1/Leon/main (1).tex:191: Undefined control sequence.
l.191 ...{\celsius} und $\SI{40.9}{\kilo\joule\per
                                                  \mole}$ bei \SI{95}{\celsi...
The control sequence at the end of the top line
of your error message was never \def'ed. If you have
misspelled it (e.g., `\hobx'), type `I' and the correct
spelling (e.g., `I\hbox'). Otherwise just continue,
and I'll forget about whatever was undefined.

c:/Users/valen/OneDrive/Dokumente/python/Uni/Grundpraktikum/V1_W-Lehre1/Leon/main (1).tex:191: Undefined control sequence.
l.191 ...sius} und $\SI{40.9}{\kilo\joule\per\mole
                                                  }$ bei \SI{95}{\celsius} w...
The control sequence at the end of the top line
of your error message was never \def'ed. If you have
misspelled it (e.g., `\hobx'), type `I' and the correct
spelling (e.g., `I\hbox'). Otherwise just continue,
and I'll forget about whatever was undefined.

c:/Users/valen/OneDrive/Dokumente/python/Uni/Grundpraktikum/V1_W-Lehre1/Leon/main (1).tex:191: Undefined control sequence.
l.191 ...$\SI{40.9}{\kilo\joule\per\mole}$ bei \SI
                                                  {95}{\celsius} wodurch $\l...
The control sequence at the end of the top line
of your error message was never \def'ed. If you have
misspelled it (e.g., `\hobx'), type `I' and the correct
spelling (e.g., `I\hbox'). Otherwise just continue,
and I'll forget about whatever was undefined.

c:/Users/valen/OneDrive/Dokumente/python/Uni/Grundpraktikum/V1_W-Lehre1/Leon/main (1).tex:191: Undefined control sequence.
l.191 ...ilo\joule\per\mole}$ bei \SI{95}{\celsius
                                                  } wodurch $\ln p(1/T)$ auf...
The control sequence at the end of the top line
of your error message was never \def'ed. If you have
misspelled it (e.g., `\hobx'), type `I' and the correct
spelling (e.g., `I\hbox'). Otherwise just continue,
and I'll forget about whatever was undefined.

c:/Users/valen/OneDrive/Dokumente/python/Uni/Grundpraktikum/V1_W-Lehre1/Leon/main (1).tex:194: Undefined control sequence.
l.194 ($\sigma_{p, \text{kalib}}=\SI
                                    {3}{\hecto\pascal}$,
The control sequence at the end of the top line
of your error message was never \def'ed. If you have
misspelled it (e.g., `\hobx'), type `I' and the correct
spelling (e.g., `I\hbox'). Otherwise just continue,
and I'll forget about whatever was undefined.

c:/Users/valen/OneDrive/Dokumente/python/Uni/Grundpraktikum/V1_W-Lehre1/Leon/main (1).tex:194: Undefined control sequence.
l.194 ($\sigma_{p, \text{kalib}}=\SI{3}{\hecto
                                              \pascal}$,
The control sequence at the end of the top line
of your error message was never \def'ed. If you have
misspelled it (e.g., `\hobx'), type `I' and the correct
spelling (e.g., `I\hbox'). Otherwise just continue,
and I'll forget about whatever was undefined.

c:/Users/valen/OneDrive/Dokumente/python/Uni/Grundpraktikum/V1_W-Lehre1/Leon/main (1).tex:194: Undefined control sequence.
l.194 ...ma_{p, \text{kalib}}=\SI{3}{\hecto\pascal
                                                  }$,
The control sequence at the end of the top line
of your error message was never \def'ed. If you have
misspelled it (e.g., `\hobx'), type `I' and the correct
spelling (e.g., `I\hbox'). Otherwise just continue,
and I'll forget about whatever was undefined.

c:/Users/valen/OneDrive/Dokumente/python/Uni/Grundpraktikum/V1_W-Lehre1/Leon/main (1).tex:195: Undefined control sequence.
l.195 $\sigma_{T, \text{kalibg}}=\SI
                                    {0.4}{\celsius}$ im Bereich \SIrange{70}...
The control sequence at the end of the top line
of your error message was never \def'ed. If you have
misspelled it (e.g., `\hobx'), type `I' and the correct
spelling (e.g., `I\hbox'). Otherwise just continue,
and I'll forget about whatever was undefined.

c:/Users/valen/OneDrive/Dokumente/python/Uni/Grundpraktikum/V1_W-Lehre1/Leon/main (1).tex:195: Undefined control sequence.
l.195 $\sigma_{T, \text{kalibg}}=\SI{0.4}{\celsius
                                                  }$ im Bereich \SIrange{70}...
The control sequence at the end of the top line
of your error message was never \def'ed. If you have
misspelled it (e.g., `\hobx'), type `I' and the correct
spelling (e.g., `I\hbox'). Otherwise just continue,
and I'll forget about whatever was undefined.

c:/Users/valen/OneDrive/Dokumente/python/Uni/Grundpraktikum/V1_W-Lehre1/Leon/main (1).tex:195: Undefined control sequence.
l.195 ...}=\SI{0.4}{\celsius}$ im Bereich \SIrange
                                                  {70}{120}{\celsius} und $\...
The control sequence at the end of the top line
of your error message was never \def'ed. If you have
misspelled it (e.g., `\hobx'), type `I' and the correct
spelling (e.g., `I\hbox'). Otherwise just continue,
and I'll forget about whatever was undefined.

c:/Users/valen/OneDrive/Dokumente/python/Uni/Grundpraktikum/V1_W-Lehre1/Leon/main (1).tex:195: Undefined control sequence.
l.195 ...s}$ im Bereich \SIrange{70}{120}{\celsius
                                                  } und $\sigma_{T, \text{ka...
The control sequence at the end of the top line
of your error message was never \def'ed. If you have
misspelled it (e.g., `\hobx'), type `I' and the correct
spelling (e.g., `I\hbox'). Otherwise just continue,
and I'll forget about whatever was undefined.

c:/Users/valen/OneDrive/Dokumente/python/Uni/Grundpraktikum/V1_W-Lehre1/Leon/main (1).tex:195: Undefined control sequence.
l.195 ...lsius} und $\sigma_{T, \text{kalibk}}=\SI
                                                  {0.2}{\celsius}$ im Bereic...
The control sequence at the end of the top line
of your error message was never \def'ed. If you have
misspelled it (e.g., `\hobx'), type `I' and the correct
spelling (e.g., `I\hbox'). Otherwise just continue,
and I'll forget about whatever was undefined.

c:/Users/valen/OneDrive/Dokumente/python/Uni/Grundpraktikum/V1_W-Lehre1/Leon/main (1).tex:195: Undefined control sequence.
l.195 ...igma_{T, \text{kalibk}}=\SI{0.2}{\celsius
                                                  }$ im Bereich \SIrange{-20...
The control sequence at the end of the top line
of your error message was never \def'ed. If you have
misspelled it (e.g., `\hobx'), type `I' and the correct
spelling (e.g., `I\hbox'). Otherwise just continue,
and I'll forget about whatever was undefined.

c:/Users/valen/OneDrive/Dokumente/python/Uni/Grundpraktikum/V1_W-Lehre1/Leon/main (1).tex:195: Undefined control sequence.
l.195 ...}=\SI{0.2}{\celsius}$ im Bereich \SIrange
                                                  {-20}{70}{\celsius}, diese...
The control sequence at the end of the top line
of your error message was never \def'ed. If you have
misspelled it (e.g., `\hobx'), type `I' and the correct
spelling (e.g., `I\hbox'). Otherwise just continue,
and I'll forget about whatever was undefined.

c:/Users/valen/OneDrive/Dokumente/python/Uni/Grundpraktikum/V1_W-Lehre1/Leon/main (1).tex:195: Undefined control sequence.
l.195 ...s}$ im Bereich \SIrange{-20}{70}{\celsius
                                                  }, diese wurden mittels Ve...
The control sequence at the end of the top line
of your error message was never \def'ed. If you have
misspelled it (e.g., `\hobx'), type `I' and the correct
spelling (e.g., `I\hbox'). Otherwise just continue,
and I'll forget about whatever was undefined.

c:/Users/valen/OneDrive/Dokumente/python/Uni/Grundpraktikum/V1_W-Lehre1/Leon/main (1).tex:203: Undefined control sequence.
l.203     Quelle & $\Delta\Lambda$ / \si
                                        {\kilo\joule\per\mole} \\
The control sequence at the end of the top line
of your error message was never \def'ed. If you have
misspelled it (e.g., `\hobx'), type `I' and the correct
spelling (e.g., `I\hbox'). Otherwise just continue,
and I'll forget about whatever was undefined.

c:/Users/valen/OneDrive/Dokumente/python/Uni/Grundpraktikum/V1_W-Lehre1/Leon/main (1).tex:203: Undefined control sequence.
l.203     Quelle & $\Delta\Lambda$ / \si{\kilo
                                              \joule\per\mole} \\
The control sequence at the end of the top line
of your error message was never \def'ed. If you have
misspelled it (e.g., `\hobx'), type `I' and the correct
spelling (e.g., `I\hbox'). Otherwise just continue,
and I'll forget about whatever was undefined.

c:/Users/valen/OneDrive/Dokumente/python/Uni/Grundpraktikum/V1_W-Lehre1/Leon/main (1).tex:203: Undefined control sequence.
l.203 ...uelle & $\Delta\Lambda$ / \si{\kilo\joule
                                                  \per\mole} \\
The control sequence at the end of the top line
of your error message was never \def'ed. If you have
misspelled it (e.g., `\hobx'), type `I' and the correct
spelling (e.g., `I\hbox'). Otherwise just continue,
and I'll forget about whatever was undefined.

c:/Users/valen/OneDrive/Dokumente/python/Uni/Grundpraktikum/V1_W-Lehre1/Leon/main (1).tex:203: Undefined control sequence.
l.203 ...e & $\Delta\Lambda$ / \si{\kilo\joule\per
                                                  \mole} \\
The control sequence at the end of the top line
of your error message was never \def'ed. If you have
misspelled it (e.g., `\hobx'), type `I' and the correct
spelling (e.g., `I\hbox'). Otherwise just continue,
and I'll forget about whatever was undefined.

c:/Users/valen/OneDrive/Dokumente/python/Uni/Grundpraktikum/V1_W-Lehre1/Leon/main (1).tex:203: Undefined control sequence.
l.203 ...\Delta\Lambda$ / \si{\kilo\joule\per\mole
                                                  } \\
The control sequence at the end of the top line
of your error message was never \def'ed. If you have
misspelled it (e.g., `\hobx'), type `I' and the correct
spelling (e.g., `I\hbox'). Otherwise just continue,
and I'll forget about whatever was undefined.

c:/Users/valen/OneDrive/Dokumente/python/Uni/Grundpraktikum/V1_W-Lehre1/Leon/main (1).tex:205: Undefined control sequence.
l.205     Druck-Kalibrierung ($\pm\SI
                                     {3}{\hecto\pascal}$) & $0{,}524$ \\
The control sequence at the end of the top line
of your error message was never \def'ed. If you have
misspelled it (e.g., `\hobx'), type `I' and the correct
spelling (e.g., `I\hbox'). Otherwise just continue,
and I'll forget about whatever was undefined.

c:/Users/valen/OneDrive/Dokumente/python/Uni/Grundpraktikum/V1_W-Lehre1/Leon/main (1).tex:205: Undefined control sequence.
l.205     Druck-Kalibrierung ($\pm\SI{3}{\hecto
                                               \pascal}$) & $0{,}524$ \\
The control sequence at the end of the top line
of your error message was never \def'ed. If you have
misspelled it (e.g., `\hobx'), type `I' and the correct
spelling (e.g., `I\hbox'). Otherwise just continue,
and I'll forget about whatever was undefined.

c:/Users/valen/OneDrive/Dokumente/python/Uni/Grundpraktikum/V1_W-Lehre1/Leon/main (1).tex:205: Undefined control sequence.
l.205 ...ck-Kalibrierung ($\pm\SI{3}{\hecto\pascal
                                                  }$) & $0{,}524$ \\
The control sequence at the end of the top line
of your error message was never \def'ed. If you have
misspelled it (e.g., `\hobx'), type `I' and the correct
spelling (e.g., `I\hbox'). Otherwise just continue,
and I'll forget about whatever was undefined.

c:/Users/valen/OneDrive/Dokumente/python/Uni/Grundpraktikum/V1_W-Lehre1/Leon/main (1).tex:206: Undefined control sequence.
<recently read> \si 
                    
l.206     Temperatur-Kalibrierung ($\si
                                       {\celsius}$) & $0{,}099$ \\
The control sequence at the end of the top line
of your error message was never \def'ed. If you have
misspelled it (e.g., `\hobx'), type `I' and the correct
spelling (e.g., `I\hbox'). Otherwise just continue,
and I'll forget about whatever was undefined.

c:/Users/valen/OneDrive/Dokumente/python/Uni/Grundpraktikum/V1_W-Lehre1/Leon/main (1).tex:206: Undefined control sequence.
l.206     Temperatur-Kalibrierung ($\si{\celsius
                                                }$) & $0{,}099$ \\
The control sequence at the end of the top line
of your error message was never \def'ed. If you have
misspelled it (e.g., `\hobx'), type `I' and the correct
spelling (e.g., `I\hbox'). Otherwise just continue,
and I'll forget about whatever was undefined.

c:/Users/valen/OneDrive/Dokumente/python/Uni/Grundpraktikum/V1_W-Lehre1/Leon/main (1).tex:214: Undefined control sequence.
l.214     \Lambda = (42,305 \pm 0,534)\;\si
                                           {\kilo\joule\per\mole}
The control sequence at the end of the top line
of your error message was never \def'ed. If you have
misspelled it (e.g., `\hobx'), type `I' and the correct
spelling (e.g., `I\hbox'). Otherwise just continue,
and I'll forget about whatever was undefined.

c:/Users/valen/OneDrive/Dokumente/python/Uni/Grundpraktikum/V1_W-Lehre1/Leon/main (1).tex:214: Undefined control sequence.
l.214     \Lambda = (42,305 \pm 0,534)\;\si{\kilo
                                                 \joule\per\mole}
The control sequence at the end of the top line
of your error message was never \def'ed. If you have
misspelled it (e.g., `\hobx'), type `I' and the correct
spelling (e.g., `I\hbox'). Otherwise just continue,
and I'll forget about whatever was undefined.

c:/Users/valen/OneDrive/Dokumente/python/Uni/Grundpraktikum/V1_W-Lehre1/Leon/main (1).tex:214: Undefined control sequence.
l.214 ...bda = (42,305 \pm 0,534)\;\si{\kilo\joule
                                                  \per\mole}
The control sequence at the end of the top line
of your error message was never \def'ed. If you have
misspelled it (e.g., `\hobx'), type `I' and the correct
spelling (e.g., `I\hbox'). Otherwise just continue,
and I'll forget about whatever was undefined.

c:/Users/valen/OneDrive/Dokumente/python/Uni/Grundpraktikum/V1_W-Lehre1/Leon/main (1).tex:214: Undefined control sequence.
l.214 ...= (42,305 \pm 0,534)\;\si{\kilo\joule\per
                                                  \mole}
The control sequence at the end of the top line
of your error message was never \def'ed. If you have
misspelled it (e.g., `\hobx'), type `I' and the correct
spelling (e.g., `I\hbox'). Otherwise just continue,
and I'll forget about whatever was undefined.

c:/Users/valen/OneDrive/Dokumente/python/Uni/Grundpraktikum/V1_W-Lehre1/Leon/main (1).tex:214: Undefined control sequence.
l.214 ...,305 \pm 0,534)\;\si{\kilo\joule\per\mole
                                                  }
The control sequence at the end of the top line
of your error message was never \def'ed. If you have
misspelled it (e.g., `\hobx'), type `I' and the correct
spelling (e.g., `I\hbox'). Otherwise just continue,
and I'll forget about whatever was undefined.

c:/Users/valen/OneDrive/Dokumente/python/Uni/Grundpraktikum/V1_W-Lehre1/Leon/main (1).tex:218: Undefined control sequence.
l.218 ... bei der Mittleren Fit-Temperatur von \SI
                                                  {48.4}{\celsius} beträgt ...
The control sequence at the end of the top line
of your error message was never \def'ed. If you have
misspelled it (e.g., `\hobx'), type `I' and the correct
spelling (e.g., `I\hbox'). Otherwise just continue,
and I'll forget about whatever was undefined.

c:/Users/valen/OneDrive/Dokumente/python/Uni/Grundpraktikum/V1_W-Lehre1/Leon/main (1).tex:218: Undefined control sequence.
l.218 ...ren Fit-Temperatur von \SI{48.4}{\celsius
                                                  } beträgt $\Lambda_{\text...
The control sequence at the end of the top line
of your error message was never \def'ed. If you have
misspelled it (e.g., `\hobx'), type `I' and the correct
spelling (e.g., `I\hbox'). Otherwise just continue,
and I'll forget about whatever was undefined.

c:/Users/valen/OneDrive/Dokumente/python/Uni/Grundpraktikum/V1_W-Lehre1/Leon/main (1).tex:218: Undefined control sequence.
l.218 ...ius} beträgt $\Lambda_{\text{Lit}} = \SI
                                                  {42.979}{\kilo\joule\per\m...
The control sequence at the end of the top line
of your error message was never \def'ed. If you have
misspelled it (e.g., `\hobx'), type `I' and the correct
spelling (e.g., `I\hbox'). Otherwise just continue,
and I'll forget about whatever was undefined.

c:/Users/valen/OneDrive/Dokumente/python/Uni/Grundpraktikum/V1_W-Lehre1/Leon/main (1).tex:218: Undefined control sequence.
l.218 ...$\Lambda_{\text{Lit}} = \SI{42.979}{\kilo
                                                  \joule\per\mole}$ . Die Ab...
The control sequence at the end of the top line
of your error message was never \def'ed. If you have
misspelled it (e.g., `\hobx'), type `I' and the correct
spelling (e.g., `I\hbox'). Otherwise just continue,
and I'll forget about whatever was undefined.

c:/Users/valen/OneDrive/Dokumente/python/Uni/Grundpraktikum/V1_W-Lehre1/Leon/main (1).tex:218: Undefined control sequence.
l.218 ...da_{\text{Lit}} = \SI{42.979}{\kilo\joule
                                                  \per\mole}$ . Die Abweichu...
The control sequence at the end of the top line
of your error message was never \def'ed. If you have
misspelled it (e.g., `\hobx'), type `I' and the correct
spelling (e.g., `I\hbox'). Otherwise just continue,
and I'll forget about whatever was undefined.

c:/Users/valen/OneDrive/Dokumente/python/Uni/Grundpraktikum/V1_W-Lehre1/Leon/main (1).tex:218: Undefined control sequence.
l.218 ...\text{Lit}} = \SI{42.979}{\kilo\joule\per
                                                  \mole}$ . Die Abweichung b...
The control sequence at the end of the top line
of your error message was never \def'ed. If you have
misspelled it (e.g., `\hobx'), type `I' and the correct
spelling (e.g., `I\hbox'). Otherwise just continue,
and I'll forget about whatever was undefined.

c:/Users/valen/OneDrive/Dokumente/python/Uni/Grundpraktikum/V1_W-Lehre1/Leon/main (1).tex:218: Undefined control sequence.
l.218 ...{Lit}} = \SI{42.979}{\kilo\joule\per\mole
                                                  }$ . Die Abweichung beträgt:
The control sequence at the end of the top line
of your error message was never \def'ed. If you have
misspelled it (e.g., `\hobx'), type `I' and the correct
spelling (e.g., `I\hbox'). Otherwise just continue,
and I'll forget about whatever was undefined.

c:/Users/valen/OneDrive/Dokumente/python/Uni/Grundpraktikum/V1_W-Lehre1/Leon/main (1).tex:220: Undefined control sequence.
l.220     |\Lambda-\Lambda_{\text{Lit}}| = \SI
                                              {0.674}{\kilo\joule\per\mole}
The control sequence at the end of the top line
of your error message was never \def'ed. If you have
misspelled it (e.g., `\hobx'), type `I' and the correct
spelling (e.g., `I\hbox'). Otherwise just continue,
and I'll forget about whatever was undefined.

c:/Users/valen/OneDrive/Dokumente/python/Uni/Grundpraktikum/V1_W-Lehre1/Leon/main (1).tex:220: Undefined control sequence.
l.220 ...-\Lambda_{\text{Lit}}| = \SI{0.674}{\kilo
                                                  \joule\per\mole}
The control sequence at the end of the top line
of your error message was never \def'ed. If you have
misspelled it (e.g., `\hobx'), type `I' and the correct
spelling (e.g., `I\hbox'). Otherwise just continue,
and I'll forget about whatever was undefined.

c:/Users/valen/OneDrive/Dokumente/python/Uni/Grundpraktikum/V1_W-Lehre1/Leon/main (1).tex:220: Undefined control sequence.
l.220 ...da_{\text{Lit}}| = \SI{0.674}{\kilo\joule
                                                  \per\mole}
The control sequence at the end of the top line
of your error message was never \def'ed. If you have
misspelled it (e.g., `\hobx'), type `I' and the correct
spelling (e.g., `I\hbox'). Otherwise just continue,
and I'll forget about whatever was undefined.

c:/Users/valen/OneDrive/Dokumente/python/Uni/Grundpraktikum/V1_W-Lehre1/Leon/main (1).tex:220: Undefined control sequence.
l.220 ...\text{Lit}}| = \SI{0.674}{\kilo\joule\per
                                                  \mole}
The control sequence at the end of the top line
of your error message was never \def'ed. If you have
misspelled it (e.g., `\hobx'), type `I' and the correct
spelling (e.g., `I\hbox'). Otherwise just continue,
and I'll forget about whatever was undefined.

c:/Users/valen/OneDrive/Dokumente/python/Uni/Grundpraktikum/V1_W-Lehre1/Leon/main (1).tex:220: Undefined control sequence.
l.220 ...{Lit}}| = \SI{0.674}{\kilo\joule\per\mole
                                                  }
The control sequence at the end of the top line
of your error message was never \def'ed. If you have
misspelled it (e.g., `\hobx'), type `I' and the correct
spelling (e.g., `I\hbox'). Otherwise just continue,
and I'll forget about whatever was undefined.

[14

] (main (1).aux)

LaTeX Warning: There were undefined references.


LaTeX Warning: Label(s) may have changed. Rerun to get cross-references right.


Package rerunfilecheck Warning: File `"main (1)".out' has changed.
(rerunfilecheck)                Rerun to get outlines right
(rerunfilecheck)                or use package `bookmark'.

Package rerunfilecheck Info: Checksums for `"main (1)".out':
(rerunfilecheck)             Before: <no file>
(rerunfilecheck)             After:  894E5916F10D2C4B1C766D345024F94A;449.
 ) 
Here is how much of TeX's memory you used:
 27203 strings out of 476334
 544415 string characters out of 5787971
 1860382 words of memory out of 5000000
 47148 multiletter control sequences out of 15000+600000
 525868 words of font info for 68 fonts, out of 8000000 for 9000
 1141 hyphenation exceptions out of 8191
 83i,10n,89p,1673b,544s stack positions out of 10000i,1000n,20000p,200000b,200000s
 <C:\Users\valen\AppData\Local\MiKTeX\fonts/pk/ljfour/jknappen/ec/dpi600\ecrm0700.pk> <C:\Users\valen\AppData\Local\MiKTeX\fonts/pk/ljfour/jknappen/ec/dpi600\ecbx1000.pk> <C:\Users\valen\AppData\Local\MiKTeX\fonts/pk/ljfour/jknappen/ec/dpi600\ectt1000.pk> <C:\Users\valen\AppData\Local\MiKTeX\fonts/pk/ljfour/jknappen/ec/dpi600\ecbx1200.pk> <C:\Users\valen\AppData\Local\MiKTeX\fonts/pk/ljfour/jknappen/ec/dpi600\ecbx1440.pk> <C:\Users\valen\AppData\Local\MiKTeX\fonts/pk/ljfour/jknappen/ec/dpi600\ecrm1200.pk> <C:\Users\valen\AppData\Local\MiKTeX\fonts/pk/ljfour/jknappen/ec/dpi600\ecrm1728.pk> <C:\Users\valen\AppData\Local\MiKTeX\fonts/pk/ljfour/jknappen/ec/dpi600\ecrm1000.pk><C:/Users/valen/AppData/Local/Programs/MiKTeX/fonts/type1/public/amsfonts/cm/cmex10.pfb><C:/Users/valen/AppData/Local/Programs/MiKTeX/fonts/type1/public/amsfonts/cm/cmmi10.pfb><C:/Users/valen/AppData/Local/Programs/MiKTeX/fonts/type1/public/amsfonts/cm/cmmi7.pfb><C:/Users/valen/AppData/Local/Programs/MiKTeX/fonts/type1/public/amsfonts/cm/cmr10.pfb><C:/Users/valen/AppData/Local/Programs/MiKTeX/fonts/type1/public/amsfonts/cm/cmr7.pfb><C:/Users/valen/AppData/Local/Programs/MiKTeX/fonts/type1/public/amsfonts/cm/cmsy10.pfb>
Output written on "main (1).pdf" (14 pages, 164387 bytes).
PDF statistics:
 373 PDF objects out of 1000 (max. 8388607)
 42 named destinations out of 1000 (max. 500000)
 13 words of extra memory for PDF output out of 10000 (max. 10000000)

